mineral,year,rp_ratio,rp_log,byproduct_frac,hhi_mining,hhi_processing,hhi_bottleneck,import_reliance,hhi_wgi,export_restriction_score,enduse_hhi,risk_weighted,n_substitutes,avg_performance_penalty,eu_substitution_index_ei,eu_substitution_index_sr,eol_rir,rp_log_norm,byproduct_frac_norm,hhi_bottleneck_norm,hhi_mining_norm,hhi_processing_norm,import_reliance_norm,hhi_wgi_norm,export_restriction_score_norm,risk_weighted_norm,enduse_hhi_norm,eu_substitution_index_sr_norm,avg_performance_penalty_norm,eol_rir_norm,D1,D2,D3,D4,CMVI,CMVI_rank
Lithium,2015,459.3333333333333,6.1319508647411824,0.0,0.3294633408919123,0.5617676209062069,0.5617676209062069,,0.3202696719057664,0.07999999999999999,0.7474687468416343,0.03448503820105821,1,0.06,0.91,0.94,0.0,0.13391575527096788,0.0,0.4694273508785933,0.23802718527622305,0.4009394598430508,,0.4942689039640001,0.10762844756018816,0.1266314700669645,0.5560982012388664,0.7931034482758619,0.20689655172413793,1.0,0.32985612704982087,0.47707051315894494,0.2505538163042329,0.5140245503097165,0.37730972878029884,13
Lithium,2016,409.63157894736844,6.017696410900162,0.0,0.30513850415512467,0.5617676209062069,0.5617676209062069,,0.3161810586965622,0.10210526315789474,0.7474687468416343,0.03397010135964913,1,0.06,0.91,0.94,0.0,0.165498115118774,0.0,0.4728311954825759,0.23061722156117304,0.3942295668598574,,0.4860053089491693,0.14404135338345866,0.09692600279471633,0.5560982012388664,0.7931034482758619,0.20689655172413793,1.0,0.34213815587952323,0.47962339661193193,0.24488259759596048,0.5140245503097165,0.3791062234791055,14
Lithium,2017,203.1970802919708,5.319085607352001,0.0,0.40102083222334695,0.5617676209062069,0.5617676209062069,,0.30049314282543105,0.004671532846715328,0.7474687468416343,0.04883055834549878,1,0.06,0.91,0.94,0.0,0.3039616116090256,0.0,0.48284760755328054,0.33633920926584165,0.37472678396613124,,0.48310248510790943,0.00636589758377531,0.20727654176217364,0.5560982012388664,0.7931034482758619,0.20689655172413793,1.0,0.39598507118128773,0.4871357056649604,0.2535879608885816,0.5140245503097165,0.39820830870987145,13
Lithium,2018,164.03601694915255,5.106163734620295,0.0,0.43168046179258834,0.5617676209062069,0.5617676209062069,,0.301824420834516,0.04745762711864407,0.7474687468416343,0.05987199789580122,1,0.06,0.91,0.94,0.0,0.2934898725550348,0.0,0.4892982065233494,0.33016230864991136,0.36092457693084434,,0.48229530504376233,0.059995116907857256,0.34030996043378414,0.5560982012388664,0.7931034482758619,0.20689655172413793,1.0,0.3919127282158469,0.49197365489251205,0.3199261201657948,0.5140245503097165,0.4219793454062856,12
Lithium,2019,220.15098722415794,5.398845668352113,0.0,0.34558173854511076,0.5617676209062069,0.5617676209062069,,0.3005094992226809,0.049477351916376304,0.7474687468416343,0.057876558033294626,1,0.06,0.91,0.94,0.0,0.1944764606060213,0.0,0.491866607897282,0.22399100370493608,0.3760792840827448,,0.4873168517726503,0.06257909982530492,0.3382206070316371,0.5560982012388664,0.7931034482758619,0.20689655172413793,1.0,0.3534075124578972,0.4938999559229615,0.3214939158894087,0.5140245503097165,0.4121144535451606,12
Lithium,2020,238.84482654235032,5.479992158160935,0.0,0.33024313638282027,0.5617676209062069,0.5617676209062069,,0.3060013866496563,0.04488466428528183,0.7474687468416343,0.07420201598272487,1,0.06,0.91,0.94,0.0,0.16685802971093788,0.0,0.4637538996759819,0.2160102841024048,0.3702267232205599,,0.4875810728884095,0.055716752669142264,0.3491308495670701,0.5560982012388664,0.7931034482758619,0.20689655172413793,1.0,0.3426670115542536,0.47281542475698646,0.3242349035050569,0.5140245503097165,0.4053702659197675,12
Lithium,2021,238.84482654235032,5.479992158160935,0.0,0.33024313638282027,0.5617676209062069,0.5617676209062069,,0.3040448724390029,0.04488466428528183,0.7474687468416343,0.0576337895824504,1,0.06,0.91,0.94,0.0,0.16685802971093788,0.0,0.4637538996759819,0.2160102841024048,0.36343191290411675,,0.4853315375328635,0.07656388671081106,0.3464473680881232,0.5560982012388664,0.7931034482758619,0.20689655172413793,1.0,0.3426670115542536,0.47281542475698646,0.32758595704945426,0.5140245503097165,0.40641363302625294,12
Lithium,2022,96.7338531705164,4.582248000264584,0.0,0.2823383236328185,0.5617676209062069,0.5617676209062069,,0.30744493445069826,0.09846500907263009,0.7474687468416343,0.04682832470043975,1,0.06,0.91,0.94,0.0,0.7009533410323829,0.0,0.4776181897866505,0.12157802211707648,0.30190839906892436,,0.48626758139856313,0.16191418427495652,0.30768755173508544,0.5560982012388664,0.7931034482758619,0.20689655172413793,1.0,0.5503707437348155,0.48321364233998787,0.3337472202522704,0.5140245503097165,0.46216708412538116,12
Lithium,2023,133.6079642979746,4.902366585578827,0.0,0.2823383236328185,0.5617676209062069,0.5617676209062069,,0.3040722699262974,0.09846500907263009,0.7474687468416343,0.04163086019976133,1,0.06,0.91,0.94,0.0,0.1551801580570853,0.0,0.4776181897866505,0.12157802211707648,0.30190839906892436,,0.48644133006038176,0.11884273528920186,0.27604181817356616,0.5560982012388664,0.7931034482758619,0.20689655172413793,1.0,0.33812561702219984,0.48321364233998787,0.31038187661286054,0.5140245503097165,0.40181335720100814,13
Cobalt,2015,55.23041878394954,4.029457869972438,0.85,0.3258604299946247,0.7583820854978313,0.7583820854978313,0.76,0.44568188574115414,0.45645698265288237,0.8914400207256429,0.02483667058954713,1,0.02,0.97,0.98,0.22,0.5320384476649254,0.8585858585858586,0.7238755232110662,0.23375286775732118,0.7034151595159698,0.625,0.7425342096611529,0.6140969552617184,0.03479904504829881,0.8091722530551974,0.9310344827586207,0.06896551724137932,0.6000000000000001,0.659765793620535,0.6991566424082997,0.4273308302161526,0.5772930632637993,0.5808061578803069,4
Cobalt,2016,63.184998056743105,4.161769508261017,0.85,0.4016517532587882,0.7583820854978313,0.7583820854978313,0.76,0.43991183355761193,0.4533618344345122,0.8914400207256429,0.022062801067024695,1,0.02,0.97,0.98,0.22,0.5353185425687359,0.8585858585858586,0.7256469767752518,0.3420105507362758,0.700093203875954,0.625,0.738376853543753,0.6395640164344012,0.0,0.8091722530551974,0.9310344827586207,0.06896551724137932,0.6000000000000001,0.6610413860831279,0.7004852325814388,0.4183229028489138,0.5772930632637993,0.5782743165589814,4
Cobalt,2017,55.44686527345487,4.0332997580255086,0.85,0.4344485894724023,0.7583820854978313,0.7583820854978313,0.76,0.41681172913248393,0.7338372610048911,0.8914400207256429,0.02171618682970209,1,0.02,0.97,0.98,0.22,0.5782664905872538,0.8585858585858586,0.7308597907921552,0.3752102663471328,0.6904377026940283,0.625,0.7359137153162761,1.0,0.0,0.8091722530551974,0.9310344827586207,0.06896551724137932,0.6000000000000001,0.6777433658681071,0.7043948430941165,0.5075698003606967,0.5772930632637993,0.611566079240119,3
Cobalt,2018,45.150172328902016,3.8319006950459418,0.85,0.5423835225474908,0.7583820854978313,0.7583820854978313,0.76,0.44416963818480876,0.7910248294295562,0.8914400207256429,0.02052067046845326,1,0.02,0.97,0.98,0.22,0.557599088297135,0.8585858585858586,0.7342168584218851,0.4674661598245841,0.6836044611474967,0.625,0.7906565246036531,1.0,0.0,0.8091722530551974,0.9310344827586207,0.06896551724137932,0.6000000000000001,0.6697060427552832,0.7069126438164138,0.5267297836112785,0.5772930632637993,0.6159685598181047,3
Cobalt,2019,47.59765200376839,3.88357521705969,0.85,0.5336034442420585,0.7583820854978313,0.7583820854978313,0.76,0.42991720944115025,0.7906370026813536,0.8914400207256429,0.016909403015919026,1,0.02,0.97,0.98,0.22,0.5322578460867262,0.8585858585858586,0.7355535245443012,0.4570073808824134,0.6911073028503588,0.625,0.7707427041314208,1.0,0.0,0.8091722530551974,0.9310344827586207,0.06896551724137932,0.6000000000000001,0.6598511152290132,0.7079151434082259,0.5197599464459972,0.5772930632637993,0.6118663597313051,3
Cobalt,2020,52.291805957952604,3.9757825849810877,0.85,0.5400744468548947,0.7583820854978313,0.7583820854978313,0.76,0.43937616365812837,0.8055865091746527,0.8914400207256429,0.019508876066661716,1,0.02,0.97,0.98,0.22,0.49881540932488166,0.8585858585858586,0.7209229044744939,0.47244808145681977,0.688209797985025,0.625,0.7762054363453063,1.0,0.0,0.8091722530551974,0.9310344827586207,0.06896551724137932,0.6000000000000001,0.6468457231549625,0.6969421783558705,0.5216719027208572,0.5772930632637993,0.6070127470316761,3
Cobalt,2021,52.291805957952604,3.9757825849810877,0.85,0.5400744468548947,0.7583820854978313,0.7583820854978313,0.76,0.42869411231733184,0.5177178515712058,0.8914400207256429,0.01758980915979496,1,0.02,0.97,0.98,0.22,0.49881540932488166,0.8585858585858586,0.7209229044744939,0.47244808145681977,0.6848458011954959,0.625,0.758196170066225,0.8831188016451352,0.0,0.8091722530551974,0.9310344827586207,0.06896551724137932,0.6000000000000001,0.6468457231549625,0.6969421783558705,0.48614835993446254,0.5772930632637993,0.5964041487596237,3
Cobalt,2022,30.35621873382784,3.4454126121226527,0.85,0.5797205166913261,0.7583820854978313,0.7583820854978313,0.76,0.4700186899632985,0.526651716405037,0.8914400207256429,0.01402624664912886,1,0.02,0.97,0.98,0.22,0.8190999389425115,0.8585858585858586,0.7281382591656897,0.5004932143021882,0.6543865398793575,0.625,0.8387016156536313,0.8660171147278157,0.012008473708507753,0.8091722530551974,0.9310344827586207,0.06896551724137932,0.6000000000000001,0.771400818006263,0.7023536943742673,0.5148532336441279,0.5772930632637993,0.6334742084325936,4
Cobalt,2023,42.664309125409694,3.776531043581122,0.85,0.5797205166913261,0.7583820854978313,0.7583820854978313,0.76,0.47412152380687306,0.828531999309988,0.8914400207256429,0.010143104269809097,1,0.02,0.97,0.98,0.22,0.3515516319919153,0.8585858585858586,0.7281382591656897,0.5004932143021882,0.6543865398793575,0.625,0.8593472480253306,1.0,0.0,0.8091722530551974,0.9310344827586207,0.06896551724137932,0.6000000000000001,0.5895764764143645,0.7023536943742673,0.5507715368088657,0.5772930632637993,0.6023736436913716,3
Nickel,2015,33.77673325499413,3.5489485785514514,0.0,0.1288252891117245,0.3933612678138735,0.3933612678138735,0.48,0.22658272356361608,0.31574148061104584,0.588498355862346,0.04858531097375637,2,0.0799999999999999,0.88,0.92,0.16,0.6230264572786637,0.0,0.2514846433442121,0.0,0.14185969383107366,0.1875,0.3088067535188556,0.4247845673565265,0.26083678792785214,0.2766585611036585,0.724137931034483,0.2758620689655169,0.7090909090909091,0.43925776368917735,0.23548848250815907,0.3186132207418719,0.44416464027591457,0.3478357554978306,14
Nickel,2016,34.66508778252587,3.574172277034301,0.0,0.10532746055896094,0.3933612678138735,0.3933612678138735,0.48,0.22027335100486042,0.32590228080111205,0.588498355862346,0.054381029697531356,2,0.0799999999999999,0.88,0.92,0.16,0.65240583674593,0.0,0.256286681221532,0.0,0.13224792801947508,0.1875,0.2903839984396193,0.45975500327299734,0.2630719509527339,0.2766585611036585,0.724137931034483,0.2758620689655169,0.7090909090909091,0.4506830779264476,0.23909001091614898,0.32180193065320967,0.44416464027591457,0.3522827092194883,15
Nickel,2017,40.7519618555677,3.7317464407453627,0.0,0.11178080931465349,0.3933612678138735,0.3933612678138735,0.48,0.21689332907686426,0.3890682427734181,0.588498355862346,0.04680683156766332,2,0.0799999999999999,0.88,0.92,0.16,0.6425987790825285,0.0,0.27041752318243983,0.0,0.10431064462039905,0.1875,0.30140347697885345,0.530183275567994,0.19180610802053744,0.2766585611036585,0.724137931034483,0.2758620689655169,0.7090909090909091,0.44686922216845804,0.24968814238682988,0.3147594790428122,0.44416464027591457,0.35340711638430705,16
Nickel,2018,36.65848871442591,3.6285583926953198,0.0,0.16548269821381967,0.3933612678138735,0.3933612678138735,0.48,0.21539905012364224,0.4775269872423945,0.588498355862346,0.05017030973830553,2,0.0799999999999999,0.88,0.92,0.16,0.5997446848758092,0.0,0.2795178271591337,0.0,0.08453930370055664,0.1875,0.29507276810570704,0.6036814136248553,0.2564098399330517,0.2766585611036585,0.724137931034483,0.2758620689655169,0.7090909090909091,0.43020374108806725,0.2565133703693503,0.3567597582164319,0.44416464027591457,0.36364364983645386,15
Nickel,2019,34.69086488364015,3.5748947704289633,0.0,0.19510848114304868,0.3933612678138735,0.3933612678138735,0.48,0.21406844479829867,0.5303924973949288,0.588498355862346,0.0441099459404307,2,0.0799999999999999,0.88,0.92,0.16,0.601068340506912,0.0,0.2831412477663359,0.037508633640511574,0.1062480696156428,0.1875,0.29799560122536445,0.6708419863934577,0.22456487729295557,0.2766585611036585,0.724137931034483,0.2758620689655169,0.7090909090909091,0.4307184960557183,0.25923093582475193,0.3618349079444242,0.44416464027591457,0.3660022022074135,15
Nickel,2020,35.28861446346711,3.5915040409278407,0.0,0.19761968960564877,0.3933612678138735,0.3933612678138735,0.48,0.21189941665463158,0.5362522219103751,0.588498355862346,0.05200441357860106,2,0.0799999999999999,0.88,0.92,0.16,0.5836201471754134,0.0,0.24348071521594528,0.053929303468132204,0.09786441214951785,0.1875,0.28394346014751787,0.6656668350364773,0.20743359470846434,0.2766585611036585,0.724137931034483,0.2758620689655169,0.7090909090909091,0.42393308753791337,0.22948553641195896,0.34877035769413633,0.44416464027591457,0.3503757539773041,14
Nickel,2021,35.28861446346711,3.5915040409278407,0.0,0.19761968960564877,0.3933612678138735,0.3933612678138735,0.48,0.2112065227975113,0.5518757601272336,0.588498355862346,0.04498832801088346,2,0.0799999999999999,0.88,0.92,0.16,0.5836201471754134,0.0,0.24348071521594528,0.053929303468132204,0.08813100423087142,0.1875,0.282102844083498,0.9413850777241909,0.23704298736751273,0.2766585611036585,0.724137931034483,0.2758620689655169,0.7090909090909091,0.42393308753791337,0.22948553641195896,0.4288994598072771,0.44416464027591457,0.36896742766001844,14
Nickel,2022,22.13550071887562,3.1413682654735977,0.0,0.38374114278538085,0.3933612678138735,0.3933612678138735,0.48,0.2147783396800288,0.47554355799419035,0.588498355862346,0.028140536367770898,2,0.0799999999999999,0.88,0.92,0.16,0.8506980098198661,0.0,0.2630400235861583,0.2507823578311044,0.0,0.1875,0.28538114845166945,0.781975729297347,0.1392351745437404,0.2766585611036585,0.724137931034483,0.2758620689655169,0.7090909090909091,0.5277967007885338,0.24415501768961873,0.3510714040999172,0.44416464027591457,0.3765025662865137,15
Nickel,2023,35.82934773040697,3.606295020020671,0.0,0.38374114278538085,0.3933612678138735,0.3933612678138735,0.48,0.20961487036261095,0.47554355799419035,0.588498355862346,0.030677784755924607,2,0.0799999999999999,0.88,0.92,0.16,0.3812446889405814,0.0,0.2630400235861583,0.2507823578311044,0.0,0.1875,0.2793029716785462,0.573959193356719,0.18002014972456545,0.2766585611036585,0.724137931034483,0.2758620689655169,0.7090909090909091,0.3452315204465898,0.24415501768961873,0.3132538983164971,0.44416464027591457,0.3290820092087125,16
Copper,2015,37.3134328358209,3.6458005614801743,0.0,0.19181302491004135,0.5103646102160551,0.5103646102160551,0.45,0.29563858010972793,0.36802827965435975,0.4311100926755777,0.03839328946297223,3,0.29,0.7,0.71,0.55,0.6046868136730887,0.0,0.40290425884840053,0.07472557336940923,0.3218600205144524,0.14062500000000003,0.44550933464147346,0.49512890496806905,0.16382990667458616,0.0,0.0,1.0,0.0,0.23515598309509006,0.3373344441363004,0.34524245603636744,0.37499999999999994,0.3183413447633746,18
Copper,2016,33.42932264930512,3.538908603886656,0.0,0.17937854566443726,0.5103646102160551,0.5103646102160551,0.45,0.29185665857548737,0.3698635282333792,0.4311100926755777,0.04224196042005759,3,0.29,0.7,0.71,0.55,0.6594326364859268,0.0,0.40673487680419873,0.085468026157403,0.3142643830371769,0.14062500000000003,0.43639124618437836,0.5217717630435171,0.1642593373628611,0.0,0.0,1.0,0.0,0.25644602530008265,0.34020740760314905,0.34888361187055617,0.37499999999999994,0.3268608410382479,16
Copper,2017,39.15337189347232,3.6927064192692436,0.0,0.18081565544072195,0.5103646102160551,0.5103646102160551,0.45,0.27697445011290117,0.4248522214453696,0.4311100926755777,0.04274974656878324,3,0.29,0.7,0.71,0.55,0.6509274353450962,0.0,0.4180071446056788,0.08027632318768234,0.29218712054881885,0.14062500000000003,0.4319860657434943,0.578946101569702,0.16079161271080367,0.0,0.0,1.0,0.0,0.2531384470786485,0.3486616084542591,0.36024829348696996,0.37499999999999994,0.33044475294258,17
Copper,2018,38.657957244655584,3.680291615074655,0.0,0.17265696142540385,0.5103646102160551,0.5103646102160551,0.45,0.27819291243255523,0.45228028503562945,0.4311100926755777,0.04107122393408551,3,0.29,0.7,0.71,0.55,0.5890222356121297,0.0,0.4252665183771746,0.008898163804812974,0.2765629427431625,0.14062500000000003,0.4311025717260283,0.5717649664193085,0.1777210196960565,0.0,0.0,1.0,0.0,0.22906420273805045,0.35410613878288094,0.3649155495873596,0.37499999999999994,0.3245850997651375,18
Copper,2019,38.873761659231796,3.6857185050549197,0.0,0.16484263733894816,0.5103646102160551,0.5103646102160551,0.45,0.27566403107603293,0.4055269103759921,0.4311100926755777,0.0452820997566769,3,0.29,0.7,0.71,0.55,0.5763637113140359,0.0,0.42815694539877586,0.0,0.2937181584654445,0.14062500000000003,0.4329008670154194,0.5129116256900381,0.23424205831997813,0.0,0.0,1.0,0.0,0.22414144328879174,0.3562739590490819,0.3734400332058976,0.37499999999999994,0.32519180765809697,17
Copper,2020,39.275231429216525,3.695736675271644,0.0,0.153491809330945,0.5103646102160551,0.5103646102160551,0.45,0.2801556326670855,0.4428200496726123,0.4311100926755777,0.046302262579024624,3,0.29,0.7,0.71,0.55,0.5606175065966261,0.0,0.3965194714751345,0.0,0.2870930258837188,0.14062500000000003,0.4316506004362665,0.5496865260644628,0.1710342066700908,0.0,0.0,1.0,0.0,0.21801791923202127,0.33254585360635086,0.3569130243368453,0.37499999999999994,0.3138588274377542,17
Copper,2021,39.275231429216525,3.695736675271644,0.0,0.153491809330945,0.5103646102160551,0.5103646102160551,0.45,0.27829208515894155,0.4066945134341838,0.4311100926755777,0.03826640763528261,3,0.29,0.7,0.71,0.55,0.5606175065966261,0.0,0.3965194714751345,0.0,0.27940126149644384,0.14062500000000003,0.42895714772717436,0.6937361156267754,0.1788871397708213,0.0,0.0,1.0,0.0,0.21801791923202127,0.33254585360635086,0.39512388651953345,0.37499999999999994,0.3219415792191831,17
Copper,2022,29105.66385007948,10.278722425227997,0.0,0.2782858836334835,0.5103646102160551,0.5103646102160551,0.45,0.2812418555460989,0.469526478708274,0.4311100926755777,0.0830334606730528,3,0.29,0.7,0.71,0.55,0.10894232482758215,0.0,0.4121220634912868,0.11641452841432959,0.2097562897225636,0.14062500000000003,0.42946347559972714,0.7720813465773063,0.6340419128052461,0.0,0.0,1.0,0.0,0.042366459655170836,0.34424779761846513,0.5969493182263295,0.37499999999999994,0.23903721383660348,19
Copper,2023,33.359825985108344,3.53688803264189,0.0,0.2782858836334835,0.5103646102160551,0.5103646102160551,0.45,0.2781880503362415,0.5058353551409688,0.4311100926755777,0.08369782226567946,3,0.29,0.7,0.71,0.55,0.39335085534279224,0.0,0.4121220634912868,0.11641452841432959,0.2097562897225636,0.14062500000000003,0.4296790776731123,0.6105199986991872,0.6448277271963339,0.0,0.0,1.0,0.0,0.15296977707775253,0.34424779761846513,0.5609487677389196,0.37499999999999994,0.3244201476222887,17
Manganese,2015,40.76296868500802,3.7320100302480492,0.0,0.19903674957944797,,0.19903674957944797,1.0,0.09815414226110239,0.35526769267336145,0.6330354789670318,0.03572767518965279,0,0.0,1.0,1.0,0.09,0.5883624093106883,0.0,0.0,0.08329544750351932,,1.0,0.05457026392805182,0.47796137788404913,0.13845879388746105,0.3549463326588806,1.0,0.0,0.8363636363636364,0.4611308359440556,0.25,0.19397345440081484,0.4637365831647201,0.3191129713182501,17
Manganese,2016,45.33618214595713,3.835923127736989,0.0,0.19404748940697297,,0.19404748940697297,1.0,0.09436529742482229,0.3415637310542833,0.6330354789670318,0.04326736317575839,0,0.0,1.0,1.0,0.09,0.6002481729098125,0.0,0.0,0.10239857708319623,,1.0,0.033571495692618754,0.4818488348801496,0.1726061656045515,0.3549463326588806,1.0,0.0,0.8363636363636364,0.46575307734371496,0.25,0.20125469845427457,0.4637365831647201,0.32287043729587556,17
Manganese,2017,45.95599439263729,3.849210873598884,0.0,0.17898471645913847,,0.17898471645913847,1.0,0.08549415738074041,0.3232035106966539,0.6330354789670318,0.03752711397980537,0,0.0,1.0,1.0,0.09,0.617539343986856,0.0,0.0,0.07814723827375189,,1.0,0.015815530120843496,0.44042940835965494,0.12086705752400596,0.3549463326588806,1.0,0.0,0.8363636363636364,0.4724774216514541,0.25,0.16398961064181133,0.4637365831647201,0.3078592380825657,18
Manganese,2018,43.891891891891895,3.8042571969690706,0.0,0.168971465303141,,0.168971465303141,1.0,0.07918802666839996,0.29850810810810813,0.6330354789670318,0.032114456885585584,0,0.0,1.0,1.0,0.09,0.5633285981163081,0.0,0.0,0.004327081418966632,,1.0,0.0,0.3773688220676661,0.10026297090425614,0.3549463326588806,1.0,0.0,0.8363636363636364,0.45139546492401883,0.25,0.13444739387861898,0.4637365831647201,0.2896211252612617,20
Manganese,2019,70.67437788507455,4.27213333206765,0.0,0.16491377625641668,,0.16491377625641668,1.0,0.07961545972660813,0.3085477794874516,0.6330354789670318,0.03204128500203392,0,0.0,1.0,1.0,0.09,0.4456411643483511,0.0,0.0,8.816286802311618e-05,,1.0,0.003519701514358192,0.3902521364937988,0.12492725718210569,0.3549463326588806,1.0,0.0,0.8363636363636364,0.4056281295698133,0.25,0.14876583252631737,0.4637365831647201,0.28920823637524284,20
Manganese,2020,82.49930881946365,4.424838354211336,0.0,0.2072119668976309,,0.2072119668976309,1.0,0.10113713823694619,0.33779375172795134,0.6330354789670318,0.041487709369643355,0,0.0,1.0,1.0,0.09,0.39971527121109895,0.0,0.0,0.06565216053286012,,1.0,0.04425277184511611,0.4193140623395383,0.14030075353763552,0.3549463326588806,1.0,0.0,0.8363636363636364,0.3877680600164375,0.25,0.17643728714572943,0.4637365831647201,0.2984306624658428,19
Manganese,2021,82.49930881946365,4.424838354211336,0.0,0.2072119668976309,,0.2072119668976309,1.0,0.10466162118746855,0.33779375172795134,0.6330354789670318,0.029106713485393048,0,0.0,1.0,1.0,0.09,0.39971527121109895,0.0,0.0,0.06565216053286012,,1.0,0.048869689557203395,0.5762057698490884,0.09964047404909779,0.3549463326588806,1.0,0.0,0.8363636363636364,0.3877680600164375,0.25,0.20101202342693242,0.4637365831647201,0.3083197597610926,19
Manganese,2022,83031.88825198954,11.326992052294687,0.0,0.25998469776980415,,0.25998469776980415,1.0,0.13934888517660687,0.3819355556792253,0.6330354789670318,0.021316103117405904,0,0.0,1.0,1.0,0.09,0.0,0.0,0.09309572345351211,0.09309572345351211,,1.0,0.12186209294064794,0.6280483242304766,0.07771949470280419,0.3549463326588806,1.0,0.0,0.8363636363636364,0.23232323232323235,0.3198217925901341,0.2307516114679676,0.4637365831647201,0.29860989772082414,18
Manganese,2023,95.60910456897992,4.570672986973681,0.0,0.25998469776980415,,0.25998469776980415,1.0,0.13910828901999783,0.3819355556792253,0.6330354789670318,0.020325817825143304,0,0.0,1.0,1.0,0.09,0.2130351097112705,0.0,0.09309572345351211,0.09309572345351211,,1.0,0.12468705400682047,0.4609786417390108,0.08926818316326224,0.3549463326588806,1.0,0.0,0.8363636363636364,0.31517021943317086,0.3198217925901341,0.19459240260244476,0.4637365831647201,0.30882511820755393,18
Graphite,2015,193.36540404040403,5.269739913433965,0.0,0.45872019861918856,0.9511673891794702,0.9511673891794702,1.0,0.5633353008762338,0.4392255892255892,0.7269338377008706,0.07603953020482604,1,0.02,0.97,0.98,0.03,0.29718181427809465,0.0,0.9733681954630314,0.3913712082543751,1.0,1.0,0.9754402415502303,0.5909146037132385,0.5221439468689447,0.5200017458854175,0.9310344827586207,0.06896551724137932,0.9454545454545454,0.378196968178855,0.9800261465972736,0.6979903142184681,0.5050004364713543,0.6012072564527254,3
Graphite,2016,198.54751525719269,5.296052379686789,0.0,0.48766844860441055,0.9511673891794702,0.9511673891794702,1.0,0.5559363457807412,0.44908456843940714,0.7269338377008706,0.08787137771789384,1,0.02,0.97,0.98,0.03,0.30929618373372814,0.0,0.9735390495851156,0.44128900367591173,1.0,1.0,0.975030066080952,0.6335300161913064,0.5356850106761333,0.5200017458854175,0.9310344827586207,0.06896551724137932,0.9454545454545454,0.3829081118560458,0.9801542871888367,0.7139170314466131,0.5050004364713543,0.6065018455703338,3
Graphite,2017,326.99287538647667,5.792991886765538,0.0,0.5056142063709784,0.9511673891794702,0.9511673891794702,1.0,0.5267258679732459,0.43255365864587536,0.7269338377008706,0.09314710328859913,1,0.02,0.97,0.98,0.03,0.20286016871350354,0.0,0.9740418179220633,0.4579643301653994,1.0,1.0,0.9748052763284941,0.5894408496695187,0.5460555606047162,0.5200017458854175,0.9310344827586207,0.06896551724137932,0.9454545454545454,0.34151632823706957,0.9805313634415476,0.7069642833742391,0.5050004364713543,0.5880179006837619,4
Graphite,2018,268.88878959832,5.598009983771641,0.0,0.4046796121582612,0.9511673891794702,0.9511673891794702,1.0,0.5291642487399362,0.010097850855636477,0.7269338377008706,0.08430317329133344,1,0.02,0.97,0.98,0.03,0.19154771218879896,0.0,0.9743656022166396,0.29667343657627093,1.0,1.0,0.9747796181270559,0.012765529576256783,0.551590567105932,0.5200017458854175,0.9310344827586207,0.06896551724137932,0.9454545454545454,0.33711703958857336,0.9807742016624796,0.5650004755809066,0.5050004364713543,0.5542077265378962,4
Graphite,2019,294.32350134072624,5.6880713702114525,0.0,0.4262975163040707,0.9511673891794702,0.9511673891794702,1.0,0.5230835348349138,0.009544153070035904,0.7269338377008706,0.08636159166704542,1,0.02,0.97,0.98,0.03,0.13000278317942748,0.0,0.974494521721775,0.3240225295584991,1.0,1.0,0.9747934916871479,0.01207147279683093,0.5733901071552748,0.5200017458854175,0.9310344827586207,0.06896551724137932,0.9454545454545454,0.31318290052937336,0.9808708912913312,0.5735516331518195,0.5050004364713543,0.5461583032933329,4
Graphite,2020,336.4757070340827,5.821493528563687,0.0,0.6301312435750308,0.9511673891794702,0.9511673891794702,1.0,0.5311053130071243,0.0018647052729721329,0.7269338377008706,0.14688195832211054,1,0.02,0.97,0.98,0.03,0.09149359773632881,0.0,0.9730834196764767,0.5825077600422017,1.0,1.0,0.9747082412618223,0.0023147176023126043,0.8130795285856413,0.5200017458854175,0.9310344827586207,0.06896551724137932,0.9454545454545454,0.29820710619039054,0.9798125647573576,0.6669583752764725,0.5050004364713543,0.560096513395007,4
Graphite,2021,336.4757070340827,5.821493528563687,0.0,0.6301312435750308,0.9511673891794702,0.9511673891794702,1.0,0.5275428106115698,0.0018647052729721329,0.7269338377008706,0.11169227373010118,1,0.02,0.97,0.98,0.03,0.09149359773632881,0.0,0.9730834196764767,0.5825077600422017,1.0,1.0,0.9745818757695748,0.003180798732535155,0.8141436200119524,0.5200017458854175,0.9310344827586207,0.06896551724137932,0.9454545454545454,0.29820710619039054,0.9798125647573576,0.6675563042072659,0.5050004364713543,0.5602220030027609,4
Graphite,2022,213.2492942026131,5.3671402632022795,0.0,0.6393944187229875,0.9511673891794702,0.9511673891794702,1.0,0.5326886302914235,0.0050423478432144965,0.7269338377008706,0.09886792333613462,1,0.02,0.97,0.98,0.03,0.6193827358600414,0.0,0.973779330151475,0.5765278545212611,1.0,1.0,0.9745600746449024,0.008291550933209638,0.7767743126837713,0.5200017458854175,0.9310344827586207,0.06896551724137932,0.9454545454545454,0.5034973265718343,0.9803344976136062,0.6538786389325267,0.5050004364713543,0.6353895816011618,3
Graphite,2023,182.06289803689842,5.209829798908011,0.0,0.6393944187229875,0.9511673891794702,0.9511673891794702,1.0,0.5266594659620936,0.3287243122578951,0.7269338377008706,0.10175859915643533,1,0.02,0.97,0.98,0.03,0.1015515399064656,0.0,0.973779330151475,0.5765278545212611,1.0,1.0,0.9745592180886686,0.39675511933354524,0.8031600548999087,0.5200017458854175,0.9310344827586207,0.06896551724137932,0.9454545454545454,0.3021185281454437,0.9803344976136062,0.7615485281243839,0.5050004364713543,0.580945304139578,5
Rare Earths,2015,932.7066800215733,6.83916234181962,0.0,0.6658301457306192,0.8886298412636232,0.8886298412636232,0.8,0.5261229440457262,0.0,,0.08984808497187766,1,0.02,0.94,0.98,0.01,0.0,0.0,0.8924353668311569,0.63707633405798,0.9037909616621344,0.6875000000000001,0.9017748714742047,0.0,0.6535727150626981,,0.9310344827586207,0.06896551724137932,0.9818181818181818,0.27272727272727276,0.8412015251233677,0.5770502910410509,0.49999999999999994,0.5072278282747044,8
Rare Earths,2016,941.2222049447986,6.8482411331128406,0.0,0.6811072533641267,0.8886298412636232,0.8886298412636232,0.8,0.5192420606843433,0.0,,0.09772242273881719,1,0.02,0.94,0.98,0.01,0.0,0.0,0.8931254387690856,0.6645515365815577,0.902713353794499,0.6875000000000001,0.9001853605663244,0.0,0.6158729956739017,,0.9310344827586207,0.06896551724137932,0.9818181818181818,0.27272727272727276,0.8417190790768142,0.5614140744677742,0.49999999999999994,0.5038337550744298,9
Rare Earths,2017,847.8524814084079,6.743885415511377,0.0,0.6564939044804435,0.8886298412636232,0.8886298412636232,0.8,0.49199598138758904,0.0,,0.1026141162973643,1,0.02,0.94,0.98,0.01,0.0,0.0,0.8951560969491433,0.6334129345669625,0.8995812096098295,0.6875000000000001,0.8993220226931754,0.0,0.6184263959800129,,0.9310344827586207,0.06896551724137932,0.9818181818181818,0.27272727272727276,0.8432420727118575,0.5621332663346166,0.49999999999999994,0.5042228606655795,7
Rare Earths,2018,679.0602055800293,6.522181331868619,0.0,0.5239993289647038,0.8886298412636232,0.8886298412636232,0.8,0.49422043394984067,0.0,,0.11219510764268233,1,0.02,0.94,0.98,0.01,0.0,0.0,0.8964638468172975,0.44466443634517644,0.8973645771047788,0.6875000000000001,0.8990811328155883,0.0,0.7927997891595867,,0.9310344827586207,0.06896551724137932,0.9818181818181818,0.27272727272727276,0.8442228851129732,0.6317983121492905,0.49999999999999994,0.519318195079847,5
Rare Earths,2019,528.1422888756802,6.271257372771131,0.0,0.4028623630999399,0.8886298412636232,0.8886298412636232,0.8,0.4885493173963172,0.0,,0.10146315178546934,1,0.02,0.94,0.98,0.01,0.0,0.0,0.8969845467668236,0.2949792099163118,0.8997984209379819,0.6875000000000001,0.8991574264437927,0.0,0.6980670301247064,,0.9310344827586207,0.06896551724137932,0.9818181818181818,0.27272727272727276,0.8446134100751177,0.59393191130521,0.49999999999999994,0.5114148112543183,7
Rare Earths,2020,509.8528209321341,6.236081527058271,0.0,0.377081008658654,0.8886298412636232,0.8886298412636232,0.8,0.4960513045366243,0.0,,0.13962865580539657,1,0.02,0.94,0.98,0.01,0.0,0.0,0.8912851705320812,0.2732515069311624,0.8988585004881772,0.6875000000000001,0.898851013168627,0.0,0.766778444506108,,0.9310344827586207,0.06896551724137932,0.9818181818181818,0.27272727272727276,0.8403388778990609,0.6213092324114626,0.49999999999999994,0.5165533820490106,7
Rare Earths,2021,509.8528209321341,6.236081527058271,0.0,0.377081008658654,0.8886298412636232,0.8886298412636232,0.8,0.49271572528493457,0.0,,0.10836997354865086,1,0.02,0.94,0.98,0.01,0.0,0.0,0.8912851705320812,0.2732515069311624,0.8977672549087873,0.6875000000000001,0.8983433054490788,0.0,0.785400169892519,,0.9310344827586207,0.06896551724137932,0.9818181818181818,0.27272727272727276,0.8403388778990609,0.6285802248641852,0.49999999999999994,0.5180580614247212,7
Rare Earths,2022,332.87067930068065,5.810753730277667,0.0,0.491189424022054,0.8886298412636232,0.8886298412636232,0.8,0.49752198744498133,0.0,,0.10353279762934293,1,0.02,0.94,0.98,0.01,0.573279823803674,0.0,0.8940959209210618,0.38768963434292913,0.8878865872558994,0.6875000000000001,0.8983243884451197,0.0,0.8188236526057155,,0.9310344827586207,0.06896551724137932,0.9818181818181818,0.4956694264287016,0.8424469406907964,0.6419429969980781,0.49999999999999994,0.605062572897294,5
Rare Earths,2023,238.581342586414,5.478892994204396,0.0,0.491189424022054,0.8886298412636232,0.8886298412636232,0.8,0.4919125159085383,0.0,,0.10454890136393968,1,0.02,0.94,0.98,0.01,0.05462076336674804,0.0,0.8940959209210618,0.38768963434292913,0.8878865872558994,0.6875000000000001,0.8983616282109554,0.0,0.8276216296252303,,0.9310344827586207,0.06896551724137932,0.9818181818181818,0.29396868070323035,0.8424469406907964,0.6454752217239266,0.49999999999999994,0.5317081290950845,7
Platinum,2015,359.7663222805214,5.888230442037289,0.0,0.5862140508057356,,0.5862140508057356,0.85,0.29466931666075347,0.4130470060042191,,0.030585179269216205,1,0.05,0.96,0.95,0.12,0.18006603073903893,0.0,0.5010646437955153,0.5426236875658956,,0.765625,0.44359058622693254,0.5556951003202228,0.08951291101512243,,0.8275862068965516,0.1724137931034483,0.7818181818181819,0.2871973957924545,0.5672047328466365,0.32998564466553104,0.4999999999999999,0.40489866866471774,12
Platinum,2016,369.8703239233684,5.9158524703033075,0.0,0.5300838868285626,,0.5300838868285626,0.85,0.26744782871780237,0.40525108063397186,,0.04207240389561877,1,0.05,0.96,0.95,0.12,0.1857920014734351,0.0,0.43209081556319195,0.4902439079619996,,0.765625,0.38660497353031814,0.5716934887514961,0.1628791390174982,,0.8275862068965516,0.1724137931034483,0.7818181818181819,0.28942416218916417,0.515474361672394,0.34338676853048467,0.4999999999999999,0.40005882388723957,12
Platinum,2017,322.97297297297297,5.780660095562875,0.0,0.33464022881383176,,0.33464022881383176,0.85,0.18550897915172815,0.3541472506989749,,0.06373659666045357,1,0.05,0.96,0.95,0.12,0.20549098821988032,0.0,0.19634599891943885,0.2591493396315355,,0.765625,0.2331915396972324,0.48259644136087887,0.32122615226663476,,0.8275862068965516,0.1724137931034483,0.7818181818181819,0.2970848792572262,0.33866574918957915,0.33075661014090496,0.4999999999999999,0.3591555569502125,15
Platinum,2018,319.54817888427846,5.7700325891950985,0.0,0.32616964685971755,,0.32616964685971755,0.85,0.1811546450922172,0.34781005071461507,,0.06899202565698478,1,0.05,0.96,0.95,0.12,0.15589357014958705,0.0,0.19581858734404683,0.19929834579222874,,0.765625,0.22088940813649088,0.43969549093096943,0.41917988654475086,,0.8275862068965516,0.1724137931034483,0.7818181818181819,0.27779699445211214,0.33827019050803514,0.3549071201984145,0.4999999999999999,0.35935111508893924,16
Platinum,2019,308.8680926916221,5.736146699478829,0.0,0.3346404434403805,,0.3346404434403805,0.85,0.18811635345339336,0.34901960784313724,,0.060888101789958404,1,0.05,0.96,0.95,0.12,0.11928591655438048,0.0,0.2103617772209262,0.21043139399134705,,0.765625,0.2411559152630309,0.4414410237055409,0.3630836017172371,,0.8275862068965516,0.1724137931034483,0.7818181818181819,0.2635606847206429,0.3491775829156947,0.33999826695534086,0.4999999999999999,0.3536660910230512,16
Platinum,2020,326.68224299065423,5.792044367451913,0.0,0.32384531400122285,,0.32384531400122285,0.85,0.18386215331123096,0.34738317757009346,,0.0691732603894081,1,0.05,0.96,0.95,0.12,0.09799260327970372,0.0,0.1525548075175945,0.20819141533724994,,0.765625,0.22327053932195307,0.4312177197778521,0.31703004651838285,,0.8275862068965516,0.1724137931034483,0.7818181818181819,0.25527995178049084,0.3058223556381959,0.3127611373144997,0.4999999999999999,0.3324047197357588,16
Platinum,2021,326.68224299065423,5.792044367451913,0.0,0.32384531400122285,,0.32384531400122285,0.85,0.18718459066204762,0.34738317757009346,,0.06546881047507788,1,0.05,0.96,0.95,0.12,0.09799260327970372,0.0,0.1525548075175945,0.20819141533724994,,0.765625,0.22951739958914918,0.5925633326267218,0.414233395813542,,0.8275862068965516,0.1724137931034483,0.7818181818181819,0.25527995178049084,0.3058223556381959,0.3941652813382995,0.4999999999999999,0.35219531758645906,15
Platinum,2022,326.68224299065423,5.792044367451913,0.0,0.32384531400122285,,0.32384531400122285,0.85,0.199352629379087,0.6081308411214953,,0.10619455492211838,1,0.05,0.96,0.95,0.12,0.5752242104668495,0.0,0.17446494540832821,0.17446494540832821,,0.765625,0.2519406629595967,1.0,0.8428168258744106,,0.8275862068965516,0.1724137931034483,0.7818181818181819,0.4408700212421587,0.3222549590562461,0.6753059623856231,0.4999999999999999,0.4679992870813097,11
Platinum,2023,326.68224299065423,5.792044367451913,0.0,0.32384531400122285,,0.32384531400122285,0.85,0.20018970208007686,0.6081308411214953,,0.08184457070872272,1,0.05,0.96,0.95,0.12,0.0,0.0,0.17446494540832821,0.17446494540832821,,0.765625,0.25863424805779545,0.7339859433648361,0.6285809381125586,,0.8275862068965516,0.1724137931034483,0.7818181818181819,0.21717171717171718,0.3222549590562461,0.5254508479064608,0.4999999999999999,0.3682359997296469,15
Palladium,2015,,,0.15,0.3285759907098273,,0.3285759907098273,0.36,0.1831346623054338,0.42313253012048196,,0.05966102686746988,1,0.01,0.92,0.99,0.12,,0.15151515151515152,0.16764292097950068,0.23697447635923535,,0.0,0.22279721839997577,0.5692637166135255,0.3662546047328438,,0.9655172413793103,0.03448275862068966,0.7818181818181819,0.46212121212121215,0.1257321907346255,0.3667967974865104,0.49999999999999994,0.3212916815276943,16
Palladium,2016,,,0.15,0.31634663646605726,,0.31634663646605726,0.36,0.17614978655344876,0.42299306243805745,,0.07261669131978857,1,0.01,0.92,0.99,0.12,,0.15151515151515152,0.1572577810050268,0.24355338507804739,,0.0,0.20038591893089008,0.5967223559394025,0.4115111223791256,,0.9655172413793103,0.03448275862068966,0.7818181818181819,0.46212121212121215,0.1179433357537701,0.38392010956231243,0.49999999999999994,0.3198232586184117,18
Palladium,2017,,,0.15,0.5741253102002752,,0.5741253102002752,0.36,0.29414664163690185,0.3865196588308717,,0.03549036228936968,1,0.01,0.92,0.99,0.12,,0.15151515151515152,0.49843576637961806,0.5376316260539418,,0.0,0.46930875855112747,0.5267103203530238,0.10529705448794752,,0.9655172413793103,0.03448275862068966,0.7818181818181819,0.46212121212121215,0.3738268247847135,0.33805446737632955,0.49999999999999994,0.4133764795971514,12
Palladium,2018,,,0.15,0.5677792166761825,,0.5677792166761825,0.36,0.2971875403887845,0.39124811381763314,,0.03158389719767191,1,0.01,0.92,0.99,0.12,,0.15151515151515152,0.49678672948019026,0.49896417427283396,,0.0,0.4722504708314505,0.4946091440641375,0.09567469502626931,,0.9655172413793103,0.03448275862068966,0.7818181818181819,0.46212121212121215,0.3725900471101427,0.3272098288175498,0.49999999999999994,0.40968104874519695,13
Palladium,2019,,,0.15,0.5565161952868752,,0.5565161952868752,0.36,0.2912487187024763,0.38859961633324197,,0.029579489545080846,1,0.01,0.92,0.99,0.12,,0.15151515151515152,0.4853579122128923,0.48540328453535697,,0.0,0.4670340988515506,0.49150193453550933,0.10460292776539987,,0.9655172413793103,0.03448275862068966,0.7818181818181819,0.46212121212121215,0.3640184341596692,0.32817858933808,0.49999999999999994,0.4076053562197011,13
Palladium,2020,,,0.15,0.5143126304576717,,0.5143126304576717,0.36,0.26813926760316037,0.390818858560794,,0.03694628397435898,1,0.01,0.92,0.99,0.12,,0.15151515151515152,0.4016834274362067,0.4409642031076355,,0.0,0.40564706516946886,0.4851358036782413,0.11131079777838626,,0.9655172413793103,0.03448275862068966,0.7818181818181819,0.46212121212121215,0.30126257057715505,0.3077847428402289,0.49999999999999994,0.38258641360961115,13
Palladium,2021,,,0.15,0.5143126304576717,,0.5143126304576717,0.36,0.2814886719423287,0.390818858560794,,0.0278466879445823,1,0.01,0.92,0.99,0.12,,0.15151515151515152,0.4016834274362067,0.4409642031076355,,0.0,0.4359546671573877,0.6666555556952015,0.08873914686508179,,0.9655172413793103,0.03448275862068966,0.7818181818181819,0.46212121212121215,0.30126257057715505,0.3547436811749188,0.49999999999999994,0.3964116766284536,13
Palladium,2022,,,0.15,0.5143126304576717,,0.5143126304576717,0.36,0.2851645831249808,0.390818858560794,,0.044873225165425974,1,0.01,0.92,0.99,0.12,,0.15151515151515152,0.4171525087685149,0.4171525087685149,,0.0,0.43796732483141826,0.6426558762256794,0.2900642161933922,,0.9655172413793103,0.03448275862068966,0.7818181818181819,0.46212121212121215,0.3128643815763862,0.42997821922477314,0.49999999999999994,0.4198867034068773,14
Palladium,2023,,,0.15,0.5143126304576717,,0.5143126304576717,0.36,0.28370414313219505,0.4193548387096774,,0.03799585878825477,1,0.01,0.92,0.99,0.12,,0.15151515151515152,0.4171525087685149,0.4171525087685149,,0.0,0.4417754768087387,0.5061419945867165,0.24417506968479022,,0.9655172413793103,0.03448275862068966,0.7818181818181819,0.46212121212121215,0.3128643815763862,0.37882694340365375,0.49999999999999994,0.4067997925658121,12
Vanadium,2015,248.6503856041131,5.520061481524288,0.7,0.37166685390659593,,0.37166685390659593,0.4,0.219273905284043,0.6868894601542417,,0.07486980689802915,2,0.0799999999999999,0.9,0.92,0.06,0.2497815628145419,0.7070707070707071,0.22340886580670274,0.28809537185659906,,0.06250000000000006,0.2943382583940917,0.9241105780232095,0.5110106098953562,,0.724137931034483,0.2758620689655169,0.8909090909090909,0.5803022575928606,0.18318164935502707,0.538450278901877,0.49999999999999994,0.41130402446147996,11
Vanadium,2016,248.67088607594937,5.520143594876996,0.7,0.39176414036212154,,0.39176414036212154,0.4,0.22953224458259897,0.7088607594936709,,0.09079061877637129,2,0.0799999999999999,0.9,0.92,0.06,0.26464274998503,0.7070707070707071,0.25423302242599366,0.3305984997652078,,0.06250000000000006,0.3092692052612436,1.0,0.5594477746981088,,0.724137931034483,0.2758620689655169,0.8909090909090909,0.5860816081591615,0.20629976681949524,0.5820233317206788,0.49999999999999994,0.4331036135918981,11
Vanadium,2017,284.8812701981172,5.65557658545831,0.7,0.39771737917762234,,0.39771737917762234,0.4,0.22393449350492367,0.5236476043276661,,0.09255324013395157,2,0.0799999999999999,0.9,0.92,0.06,0.23217584955925274,0.7070707070707071,0.27591238182368477,0.3324978294523827,,0.06250000000000006,0.3167070109855177,0.7135745650344892,0.5415157577587011,,0.724137931034483,0.2758620689655169,0.8909090909090909,0.5734555913269148,0.22255928636776356,0.505847398207034,0.49999999999999994,0.4238710533883639,11
Vanadium,2018,311.3061797752809,5.743984052038438,0.7,0.3971918002777428,,0.3971918002777428,0.4,0.2238250261508964,0.4421348314606741,,0.09699222715355807,2,0.0799999999999999,0.9,0.92,0.06,0.16129250153660457,0.7070707070707071,0.2842894437797779,0.2873863816289567,,0.06250000000000006,0.31332588747362056,0.558939258303077,0.6613254019922081,,0.724137931034483,0.2758620689655169,0.8909090909090909,0.5458898448736628,0.22884208283483343,0.5139290359884197,0.49999999999999994,0.42328074865864085,11
Vanadium,2019,255.26891627317747,5.546227347330729,0.7,0.44493120710719314,,0.44493120710719314,0.4,0.247245977053753,0.4374985604053898,,0.09579279604207455,2,0.0799999999999999,0.9,0.92,0.06,0.16162239968415226,0.7070707070707071,0.34705780407955017,0.3471153693361958,,0.06250000000000006,0.37066028513629784,0.5533494624229125,0.6512531578701429,,0.724137931034483,0.2758620689655169,0.8909090909090909,0.5460181385977091,0.2759183530596626,0.5285697285514894,0.49999999999999994,0.44669900766613574,11
Vanadium,2020,229.79269684290605,5.441519891338266,0.7,0.488116931999217,,0.488116931999217,0.4,0.27443939824045305,0.32407759604412323,,0.14000270403004947,2,0.0799999999999999,0.9,0.92,0.06,0.17534830467658913,0.7070707070707071,0.3674198155673895,0.4089500713856655,,0.06250000000000006,0.41928061144912554,0.4022877646947568,0.7691661621367384,,0.724137931034483,0.2758620689655169,0.8909090909090909,0.5513559905392124,0.2911898616755421,0.5549866200355785,0.49999999999999994,0.4594256265316036,11
Vanadium,2021,229.79269684290605,5.441519891338266,0.7,0.488116931999217,,0.488116931999217,0.4,0.272967174416529,0.32407759604412323,,0.1115291717414733,2,0.0799999999999999,0.9,0.92,0.06,0.17534830467658913,0.7070707070707071,0.3674198155673895,0.4089500713856655,,0.06250000000000006,0.41730060000638913,0.5528088656590571,0.8127325151693854,,0.724137931034483,0.2758620689655169,0.8909090909090909,0.5513559905392124,0.2911898616755421,0.6093504324847546,0.49999999999999994,0.47028526209214594,10
Vanadium,2022,232.1548659813623,5.451702893640712,0.7,0.49881688309280237,,0.49881688309280237,0.4,0.2837917397545411,0.32314343356710534,,0.12115139334229993,2,0.0799999999999999,0.9,0.92,0.06,0.6105944915804881,0.7070707070707071,0.3974083067689815,0.3974083067689815,,0.06250000000000006,0.4349912188423622,0.5313715597307557,0.9776382901534105,,0.724137931034483,0.2758620689655169,0.8909090909090909,0.7206183965573952,0.3136812300767361,0.6761451325888799,0.49999999999999994,0.5257762346820385,8
Vanadium,2023,0.17480065328081468,0.16109847642049704,0.7,0.49881688309280237,,0.49881688309280237,0.4,0.2811621718476296,0.4384282832164473,,0.11212477492074166,2,0.0799999999999999,0.9,0.92,0.06,0.982165780898191,0.7070707070707071,0.3974083067689815,0.3974083067689815,,0.06250000000000006,0.4362011145949701,0.529162764481729,0.8940365851884302,,0.724137931034483,0.2758620689655169,0.8909090909090909,0.8651183424031686,0.3136812300767361,0.6425757153040439,0.49999999999999994,0.543393690364644,6
Tungsten,2015,28.153353902411155,3.3725699628644774,0.0,0.701812764666848,,0.701812764666848,,0.41544920351322845,0.7432979088104217,,0.08473459309297986,1,0.04,0.95,0.96,0.42,0.6564250605238273,0.0,0.6506664623953741,0.6797643557381389,,,0.6826857637576892,1.0,0.6049028904394949,,0.8620689655172413,0.13793103448275865,0.23636363636363644,0.32093297808249854,0.6129998467965305,0.7309011734909892,0.49999999999999994,0.517816451091205,7
Tungsten,2016,25.559812783921444,3.2793992757852517,0.0,0.6896350142859278,,0.6896350142859278,,0.4028750152676604,0.5786949938053503,,0.09682818444339926,1,0.04,0.95,0.96,0.42,0.7111436443436397,0.0,0.637248879737375,0.6743940782876032,,,0.6628334889345783,0.8163732948325477,0.6085938525103999,,0.8620689655172413,0.13793103448275865,0.23636363636363644,0.3422124273457589,0.6029366598030312,0.6795225858393993,0.49999999999999994,0.5145591934821584,6
Tungsten,2017,29.03896875812623,3.402495497349499,0.0,0.6963553020478869,,0.6963553020478869,,0.385512457891474,0.5786544819644117,,0.1028454844329284,1,0.04,0.95,0.96,0.42,0.7128399784463089,0.0,0.6526183551243497,0.679765271298375,,,0.6678866912757915,0.7885324345237287,0.6201950959104445,,0.8620689655172413,0.13793103448275865,0.23636363636363644,0.34287211283013025,0.6144637663432623,0.6789714889416371,0.49999999999999994,0.517145197714408,6
Tungsten,2018,29.59958126144988,3.4209863245983607,0.0,0.6618694830767367,,0.6618694830767367,,0.36822612956260814,0.554853503819743,,0.10214506519339657,1,0.04,0.95,0.96,0.42,0.6427669608207867,0.0,0.613993066518831,0.6156633499482896,,,0.6261407553188293,0.7014362674555651,0.7058871035687723,,0.8620689655172413,0.13793103448275865,0.23636363636363644,0.31562149486464935,0.5854947998891232,0.6768631726529905,0.49999999999999994,0.5000807371399574,8
Tungsten,2019,30.173028789765787,3.4395532590863205,0.0,0.7009485312116135,,0.7009485312116135,,0.38556122168132984,0.5677665864599833,,0.10539731394205773,1,0.04,0.95,0.96,0.42,0.6312384287412454,0.0,0.6643695158542111,0.6643991060002893,,,0.6735952187395647,0.7181128438644648,0.7305470671738462,,0.8620689655172413,0.13793103448275865,0.23636363636363644,0.31113817683371664,0.6232771368906583,0.7075053643945024,0.49999999999999994,0.5117802947480572,6
Tungsten,2020,32.22437387038472,3.5032837592865893,0.0,0.7310078466658521,,0.7310078466658521,,0.40824274262386884,0.5862380583526983,,0.1563983730097255,1,0.04,0.95,0.96,0.42,0.603089092224424,0.0,0.6851177780706008,0.7057904762536534,,,0.7088323990304778,0.7277158339621608,0.8738270729727163,,0.8620689655172413,0.13793103448275865,0.23636363636363644,0.3001912126327306,0.6388383335529506,0.779551127340294,0.49999999999999994,0.522878624311605,6
Tungsten,2021,32.22437387038472,3.5032837592865893,0.0,0.7310078466658521,,0.7310078466658521,,0.40554807731305037,0.5862380583526983,,0.1188719498967209,1,0.04,0.95,0.96,0.42,0.603089092224424,0.0,0.6851177780706008,0.7057904762536534,,,0.7075281167173845,1.0,0.8762598203845595,,0.8620689655172413,0.13793103448275865,0.23636363636363644,0.3001912126327306,0.6388383335529506,0.8481387690049084,0.49999999999999994,0.534018700736992,6
Tungsten,2022,31.92760296751087,3.4943113019839163,0.0,0.7166151591060398,,0.7166151591060398,,0.4015329686719081,0.5602455871066768,,0.10912090941599972,1,0.04,0.95,0.96,0.42,0.8140181004374548,0.0,0.6749201334334156,0.6749201334334156,,,0.6902354689038737,0.9212583036793365,0.8691950875618646,,0.8620689655172413,0.13793103448275865,0.23636363636363644,0.38221916027113145,0.6311901000750617,0.8195750250609357,0.49999999999999994,0.5607352238450372,7
Tungsten,2023,46.28293681248401,3.856149486492032,0.0,0.7166151591060398,,0.7166151591060398,,0.3970111077115886,0.575594781273983,,0.11108520334271339,1,0.04,0.95,0.96,0.42,0.3376643541404196,0.0,0.6749201334334156,0.6749201334334156,,,0.6902495904792082,0.6947164162076367,0.8849230354912441,,0.8620689655172413,0.13793103448275865,0.23636363636363644,0.19697048115561777,0.6311901000750617,0.7692356749161297,0.49999999999999994,0.46762496263817716,9
Molybdenum,2015,63.407690673465055,4.16523304637568,0.5,0.22626788077495927,,0.22626788077495927,,0.10647258431166597,0.29842787338007226,0.8763157087215061,0.06784862639772946,0,0.0,1.0,1.0,0.3,0.5063284077625718,0.5050505050505051,0.03524110790950832,0.11560113155918533,,,0.07103740453142168,0.4014916090073198,0.4441835508737826,0.7825865959545665,1.0,0.0,0.4545454545454546,0.4915182865204615,0.15143083093213122,0.3029094141873406,0.5706466489886416,0.33678947193053843,15
Molybdenum,2016,60.50501432664756,4.119118705255402,0.5,0.284225655474914,,0.284225655474914,,0.14978706834420943,0.290669770773639,0.8763157087215061,0.07948760173233048,0,0.0,1.0,1.0,0.3,0.5438173353693527,0.5050505050505051,0.11595516920568613,0.20648010195677885,,,0.14661433363491932,0.4100519980556693,0.46744066690071584,0.7825865959545665,1.0,0.0,0.4545454545454546,0.5060973139230985,0.2119663769042646,0.3408042830464254,0.5706466489886416,0.38005227019289567,13
Molybdenum,2017,58.306079099093026,4.082711815068047,0.5,0.26756233779452776,,0.26756233779452776,,0.1325660205744692,0.17881587376513033,0.8763157087215061,0.08339858573957315,0,0.0,1.0,1.0,0.3,0.5677251019615985,0.5050505050505051,0.1117330268610973,0.18114863766168748,,,0.1181233041406602,0.2436723825119838,0.4715327562058477,0.7825865959545665,1.0,0.0,0.4545454545454546,0.5153947787089719,0.20879977014582296,0.2908743545595661,0.5706466489886416,0.36558274014167924,14
Molybdenum,2018,59.872804360993335,4.108786512760393,0.5,0.2730022350979029,,0.2730022350979029,,0.1367932512736082,0.18345783700114407,0.8763157087215061,0.08484338602142973,0,0.0,1.0,1.0,0.3,0.5002105477089209,0.5050505050505051,0.12958902055869082,0.13335535973469584,,,0.12478970240756676,0.23192424583365331,0.5562623224144234,0.7825865959545665,1.0,0.0,0.4545454545454546,0.4891391187218195,0.2221917654190181,0.324162386266831,0.5706466489886416,0.3765499221027982,14
Molybdenum,2019,61.00951733514616,4.127287878669925,0.5,0.2680467280174468,,0.2680467280174468,,0.13539483339049174,0.18001359619306595,0.8763157087215061,0.08826202924881033,0,0.0,1.0,1.0,0.3,0.4779298543888213,0.5050505050505051,0.12782452741486552,0.12790142090594803,,,0.12568642943215289,0.22768172446087234,0.5890799238451973,0.7825865959545665,1.0,0.0,0.4545454545454546,0.4804744046528918,0.22086839556114915,0.3365426509545505,0.5706466489886416,0.37783553820299953,14
Molybdenum,2020,53.89912488134411,4.005497408157912,0.5,0.24697744101544308,,0.24697744101544308,,0.12490570931747946,0.1660511654272786,0.8763157087215061,0.10787768325277591,0,0.0,1.0,1.0,0.3,0.4922577759915038,0.5050505050505051,0.052012691057392244,0.11425010604720638,,,0.09568819953443969,0.20612456084623731,0.5640977419739521,0.7825865959545665,1.0,0.0,0.4545454545454546,0.48604637416504615,0.16400951829304417,0.3106611068381941,0.5706466489886416,0.3447864813397565,15
Molybdenum,2021,53.89912488134411,4.005497408157912,0.5,0.24697744101544308,,0.24697744101544308,,0.12405585931368068,0.1660511654272786,0.8763157087215061,0.08432814517387772,0,0.0,1.0,1.0,0.3,0.4922577759915038,0.5050505050505051,0.052012691057392244,0.11425010604720638,,,0.09132483541079178,0.28324869574976874,0.5773981661817659,0.7825865959545665,1.0,0.0,0.4545454545454546,0.48604637416504615,0.16400951829304417,0.3337351328039257,0.5706466489886416,0.3510176787899022,16
Molybdenum,2022,64.87283003633428,4.187726065694066,0.5,0.2255863610130438,,0.2255863610130438,,0.11757503810512501,0.16346386758175216,0.8763157087215061,0.0699090141481631,0,0.0,1.0,1.0,0.3,0.7419543732456849,0.5050505050505051,0.04926642671928669,0.04926642671928669,,,0.0746598570049683,0.26879720041874106,0.5157376931147066,0.7825865959545665,1.0,0.0,0.4545454545454546,0.583150606430561,0.161949820039465,0.29962532730230684,0.5706466489886416,0.3564730881967945,16
Molybdenum,2023,0.06061768268066209,0.0588514579189483,0.5,0.2255863610130438,,0.2255863610130438,,0.11674984838171804,0.1675817521194994,0.8763157087215061,0.0733983684181133,0,0.0,1.0,1.0,0.3,1.0,0.5050505050505051,0.04926642671928669,0.04926642671928669,,,0.07565658406816392,0.20226346388439267,0.5545361239267449,0.7825865959545665,1.0,0.0,0.4545454545454546,0.6835016835016836,0.161949820039465,0.2988601199656535,0.5706466489886416,0.37067118294256546,14
Niobium,2015,67.45098039215686,4.22611787438071,0.0,0.8358785082660516,,0.8358785082660516,1.0,0.46057366235222347,0.0,,0.021180511241830065,1,0.04,0.93,0.96,0.0,0.4947994125594407,0.0,0.8241673464837589,0.8388134060441255,,1.0,0.7720138859993249,0.0,0.0,,0.8620689655172413,0.13793103448275865,1.0,0.47019977155089365,0.8681255098628191,0.2702048600997637,0.49999999999999994,0.4845984527203036,10
Niobium,2016,68.1458003169572,4.2362173233229505,0.0,0.8253470329841446,,0.8253470329841446,1.0,0.45172223446697857,0.0,,0.03908861864764923,1,0.04,0.93,0.96,0.0,0.5204837326687508,0.0,0.8117535384320409,0.8310297082375466,,1.0,0.7624663262163794,0.0,0.13859098215773819,,0.8620689655172413,0.13793103448275865,1.0,0.4801881182600698,0.8588151538240307,0.32229960703882804,0.49999999999999994,0.507732802484242,7
Niobium,2017,134.16075650118202,4.90646485890931,0.0,0.8150078033745227,,0.8150078033745227,1.0,0.45730985936973245,0.0,,0.0261787440750591,1,0.04,0.93,0.96,0.0,0.39198862211374164,0.0,0.8022882482417965,0.8177388756159657,,1.0,0.8239338886305443,0.0,0.034114138795156755,,0.8620689655172413,0.13793103448275865,1.0,0.4302177974886773,0.8517161861813474,0.30202251653875317,0.49999999999999994,0.48500715987883836,9
Niobium,2018,192.05397301349325,5.262969802728951,0.0,0.7957692817759037,,0.7957692817759037,1.0,0.4614215133608308,0.0,,0.024406906846576714,1,0.04,0.93,0.96,0.0,0.2609895752179848,0.0,0.7807893307458849,0.7817378731596536,,1.0,0.8280291133565427,0.0,0.033608140678792225,,0.8620689655172413,0.13793103448275865,1.0,0.37927372369588297,0.8355919980594136,0.3032534459463068,0.49999999999999994,0.4681992290165619,10
Niobium,2019,185.68443051201672,5.229419653990563,0.0,0.8679869716514403,,0.8679869716514403,1.0,0.5020354789174053,0.0,,0.029809673040752348,1,0.04,0.93,0.96,0.0,0.232244605440302,0.0,0.8713994645248451,0.8714108023168817,,1.0,0.928694513667649,0.0,0.10650329896768765,,0.8620689655172413,0.13793103448275865,1.0,0.36809512433789526,0.9035495983936338,0.3676443993707522,0.49999999999999994,0.49725310677861834,8
Niobium,2020,268.0241327300151,5.594801088328876,0.0,0.8231449442522107,,0.8231449442522107,1.0,0.46163590223760087,0.0,,0.03043269281045751,1,0.04,0.93,0.96,0.0,0.14152135303079738,0.0,0.805631829468204,0.8183925198024359,,1.0,0.8243757352752836,0.0,0.06973162312731475,,0.8620689655172413,0.13793103448275865,1.0,0.3328138595119768,0.854223872101153,0.31642415659727513,0.49999999999999994,0.46052497300552075,10
Niobium,2021,268.0241327300151,5.594801088328876,0.0,0.8231449442522107,,0.8231449442522107,1.0,0.4607057589875689,0.0,,0.02145311111111111,1,0.04,0.93,0.96,0.0,0.14152135303079738,0.0,0.805631829468204,0.8183925198024359,,1.0,0.8282715769759517,0.0,0.03342401976617577,,0.8620689655172413,0.13793103448275865,1.0,0.3328138595119768,0.854223872101153,0.30326465984805334,0.49999999999999994,0.45566033901625724,11
Niobium,2022,161.54104888048508,5.090930578364931,0.0,0.8635567234537611,,0.8635567234537611,1.0,0.49133961005513566,0.0,,0.01269404927320164,1,0.04,0.93,0.96,0.0,0.6480880655091281,0.0,0.8621485297343452,0.8621485297343452,,1.0,0.8849219779642856,0.0,0.0,,0.8620689655172413,0.13793103448275865,1.0,0.5298120254757721,0.8966113973007589,0.30972269228749993,0.49999999999999994,0.5207955613743521,9
Niobium,2023,161.90467532703653,5.093165215791827,0.0,0.8635567234537611,,0.8635567234537611,1.0,0.5020043889470491,0.0,,0.01790550169571133,1,0.04,0.93,0.96,0.0,0.12190051210347619,0.0,0.8621485297343452,0.8621485297343452,,1.0,0.9204923879381021,0.0,0.0680501431603644,,0.8620689655172413,0.13793103448275865,1.0,0.3251835324846852,0.8966113973007589,0.3493923930424815,0.49999999999999994,0.47506612339849236,8
Germanium,2015,3.75,1.55814461804655,0.95,0.9201388888888891,,0.9201388888888891,,0.5452643414699074,0.575,1.0,0.09399509236111112,2,0.06,0.92,0.94,0.02,1.0,0.9595959595959596,0.9332127307796244,0.9387758062568735,,,0.9396670730202403,0.7735794668388525,0.6930436142300641,1.0,0.7931034482758619,0.20689655172413793,0.9636363636363636,0.9764309764309764,0.8249095480847183,0.7994957879588228,0.6249999999999999,0.7965004382843255,1
Germanium,2016,5.232558139534884,1.8297868648172944,0.95,0.8702001081665764,,0.8702001081665764,,0.5090637698107084,0.37209302325581395,1.0,0.10690907984496123,2,0.06,0.92,0.94,0.02,1.0,0.9595959595959596,0.8694276534529187,0.882798075945754,,,0.8794248748100777,0.5249169435215947,0.6906528307718509,1.0,0.7931034482758619,0.20689655172413793,0.9636363636363636,0.9764309764309764,0.777070740089689,0.7152890743726662,0.6249999999999999,0.7631605782997207,1
Germanium,2017,6.818181818181818,2.056452023455137,0.95,0.8347107438016528,,0.8347107438016528,,0.462936325399449,0.36363636363636365,1.0,0.11262654848484847,2,0.06,0.92,0.94,0.02,1.0,0.9595959595959596,0.8271418076261866,0.8406501979731931,,,0.8361626634451156,0.49552725510069184,0.6949667029253871,1.0,0.7931034482758619,0.20689655172413793,0.9636363636363636,0.9764309764309764,0.74535635571964,0.6945254271511183,0.6249999999999999,0.7497101986872501,2
Germanium,2018,4.4598612487611495,1.6974233771191076,0.95,0.8881424955381743,,0.8881424955381743,,0.49444869440225936,0.37621407333994056,1.0,0.11735443980839115,2,0.06,0.92,0.94,0.02,1.0,0.9595959595959596,0.8958567701287468,0.8963074063636338,,,0.8995756114696334,0.4756033683686586,0.8374176518840069,1.0,0.7931034482758619,0.20689655172413793,0.9636363636363636,0.9764309764309764,0.7968925775965601,0.7687193668601391,0.6249999999999999,0.7819379521925833,1
Germanium,2019,4.961411245865491,1.7853072392668683,0.95,0.8958243430673349,,0.8958243430673349,,0.4930027622720829,0.37794928335170896,1.0,0.11751685415288497,2,0.06,0.92,0.94,0.02,1.0,0.9595959595959596,0.9059015202204268,0.9059098162122807,,,0.908911261108789,0.4780313621420928,0.8306047413108901,1.0,0.7931034482758619,0.20689655172413793,0.9636363636363636,0.9764309764309764,0.8044261401653201,0.7698686784479554,0.6249999999999999,0.7840722760134038,1
Germanium,2020,4.5,1.7047480922384253,0.95,0.9049999999999999,,0.9049999999999999,,0.50566172405,0.38,1.0,0.17339319749999998,2,0.06,0.92,0.94,0.02,1.0,0.9595959595959596,0.9126971121172122,0.9184287353274753,,,0.9196480579833719,0.47170601254149763,0.9823126622374526,1.0,0.7931034482758619,0.20689655172413793,0.9636363636363636,0.9764309764309764,0.8095228340879091,0.8327283883245356,0.6249999999999999,0.8008727371275877,1
Germanium,2021,4.5,1.7047480922384253,0.95,0.9049999999999999,,0.9049999999999999,,0.5022827802166665,0.38,1.0,0.13239033,2,0.06,0.92,0.94,0.02,1.0,0.9595959595959596,0.9126971121172122,0.9184287353274753,,,0.9192861602223743,0.6482008368200836,0.9932164055732335,1.0,0.7931034482758619,0.20689655172413793,0.9636363636363636,0.9764309764309764,0.8095228340879091,0.8810869275121453,0.6249999999999999,0.8122549314430102,1
Germanium,2022,4.5,1.7047480922384253,0.95,0.9049999999999999,,0.9049999999999999,,0.5073235635833334,0.38,1.0,0.12363215916666666,2,0.06,0.92,0.94,0.02,1.0,0.9595959595959596,0.9149542708441004,0.9149542708441004,,,0.9195726459489572,0.6248655294298449,1.0,1.0,0.7931034482758619,0.20689655172413793,0.9636363636363636,0.9764309764309764,0.8112157031330753,0.8780668084395962,0.6249999999999999,0.8119819383087697,1
Germanium,2023,4.5,1.7047480922384253,0.95,0.9049999999999999,,0.9049999999999999,,0.5016139897333334,0.41000000000000003,1.0,0.12421189333333334,2,0.06,0.92,0.94,0.02,0.7129179742787419,0.9595959595959596,0.9149542708441004,0.9149542708441004,,,0.9196362702319597,0.4948511347074745,1.0,1.0,0.7931034482758619,0.20689655172413793,0.9636363636363636,0.8647879664282649,0.8112157031330753,0.8455854782580545,0.6249999999999999,0.7803166611975518,2
Gallium,2015,,,0.99,0.9717460317460319,,0.9717460317460319,1.0,0.575741761254573,0.0,1.0,0.09399044333333335,1,0.02,0.98,0.98,0.0,,1.0,1.0,1.0,,1.0,1.0,0.0,0.6929993651392333,1.0,0.9310344827586207,0.06896551724137932,1.0,0.8055555555555556,1.0,0.6271997460556933,0.625,0.7496272184110426,2
Gallium,2016,,,0.99,0.9717460317460319,,0.9717460317460319,1.0,0.5681784124408163,0.0,1.0,0.10645138134920636,1,0.02,0.98,0.98,0.0,,1.0,1.0,1.0,,1.0,1.0,0.0,0.6869271427831006,1.0,0.9310344827586207,0.06896551724137932,1.0,0.8055555555555556,1.0,0.6247708571132402,0.625,0.7489004119143293,2
Gallium,2017,,,0.99,0.9717460317460319,,0.9717460317460319,1.0,0.5383179742157218,0.0,1.0,0.11407684222222221,1,0.02,0.98,0.98,0.0,,1.0,1.0,1.0,,1.0,1.0,0.0,0.7060535123779695,1.0,0.9310344827586207,0.06896551724137932,1.0,0.8055555555555556,1.0,0.6324214049511878,0.625,0.7511825985763176,1
Gallium,2018,,,0.99,0.9717460317460319,,0.9717460317460319,1.0,0.5408064414400605,0.0,1.0,0.11747696492063495,1,0.02,0.98,0.98,0.0,,1.0,1.0,1.0,,1.0,1.0,0.0,0.8384772480609544,1.0,0.9310344827586207,0.06896551724137932,1.0,0.8055555555555556,1.0,0.6853908992243818,0.625,0.7664405290520981,2
Gallium,2019,,,0.99,0.9717460317460319,,0.9717460317460319,1.0,0.5345924233015874,0.0,1.0,0.11893229103174605,1,0.02,0.98,0.98,0.0,,1.0,1.0,1.0,,1.0,1.0,0.0,0.8422904422139748,1.0,0.9310344827586207,0.06896551724137932,1.0,0.8055555555555556,1.0,0.6869161768855899,0.625,0.7668665852957894,2
Gallium,2020,,,0.99,0.9717460317460319,,0.9717460317460319,1.0,0.542792762539985,0.0,1.0,0.17616400976190477,1,0.02,0.98,0.98,0.0,,1.0,1.0,1.0,,1.0,1.0,0.0,1.0,1.0,0.9310344827586207,0.06896551724137932,1.0,0.8055555555555556,1.0,0.75,0.625,0.7838973466955731,2
Gallium,2021,,,0.99,0.9717460317460319,,0.9717460317460319,1.0,0.5391542453183674,0.0,1.0,0.13317440904761907,1,0.02,0.98,0.98,0.0,,1.0,1.0,1.0,,1.0,1.0,0.0,1.0,1.0,0.9310344827586207,0.06896551724137932,1.0,0.8055555555555556,1.0,0.75,0.625,0.7838973466955731,2
Gallium,2022,,,0.99,0.9717460317460319,,0.9717460317460319,1.0,0.544423774468632,0.0,1.0,0.11996145825396827,1,0.02,0.98,0.98,0.0,,1.0,1.0,1.0,,1.0,1.0,0.0,0.966912173677527,1.0,0.9310344827586207,0.06896551724137932,1.0,0.8055555555555556,1.0,0.7367648694710108,0.625,0.7804158946015449,2
Gallium,2023,,,0.99,0.9717460317460319,,0.9717460317460319,1.0,0.5382607460001513,0.0,1.0,0.12329945047619048,1,0.02,0.98,0.98,0.0,,1.0,1.0,1.0,,1.0,1.0,0.0,0.9920009420224956,1.0,0.9310344827586207,0.06896551724137932,1.0,0.8055555555555556,1.0,0.7468003768089982,0.625,0.783059947110822,1
Silicon,2015,,,0.0,0.48271660130767613,,0.48271660130767613,0.69,0.2842747382386548,0.42264665757162345,0.993547318041013,0.08495710876762166,1,0.01,0.99,0.99,0.0,,0.0,0.3671236495733867,0.41983936839656555,,0.5156249999999999,0.42301353786270707,0.5686100452617036,0.6070207776127242,0.9886574152996755,0.9655172413793103,0.03448275862068966,1.0,0.4722222222222222,0.40424898718004,0.533015560612463,0.6221643538249189,0.5016029633044198,9
Silicon,2016,,,0.0,0.4843224673498861,,0.4843224673498861,0.69,0.2816091059915463,0.4237834882449426,0.993547318041013,0.09783047129806817,1,0.01,0.99,0.99,0.0,,0.0,0.3732487103162909,0.43742715056496084,,0.5156249999999999,0.41548948850260736,0.5978374209169726,0.6167525161948054,0.9886574152996755,0.9655172413793103,0.03448275862068966,1.0,0.4722222222222222,0.4088427827372182,0.5415816826830778,0.6221643538249189,0.5050309129933312,8
Silicon,2017,,,0.0,0.4235249017622671,,0.4235249017622671,0.69,0.23267249454905853,0.40221975582685904,0.993547318041013,0.10011275085354895,1,0.01,0.99,0.99,0.0,,0.0,0.3084663448980626,0.36250779021763224,,0.5156249999999999,0.3356985140949032,0.5481048417684233,0.5993046406195617,0.9886574152996755,0.9655172413793103,0.03448275862068966,1.0,0.4722222222222222,0.3602560086735469,0.4942425466231466,0.6221643538249189,0.47824531786698227,10
Silicon,2018,,,0.0,0.4665898695077207,,0.4665898695077207,0.69,0.2578231002865932,0.4262451035254617,0.993547318041013,0.10207179536000746,1,0.01,0.99,0.99,0.0,,0.0,0.3707372114731193,0.3734600827930011,,0.5156249999999999,0.38697562294293447,0.5388517372240342,0.7052534666438762,0.9886574152996755,0.9655172413793103,0.03448275862068966,1.0,0.4722222222222222,0.40695915860483944,0.5522557889935862,0.6221643538249189,0.5069156067729779,7
Silicon,2019,,,0.0,0.5030968872314118,,0.5030968872314118,0.69,0.2758341692119763,0.44744929317762755,0.993547318041013,0.10061724449293179,1,0.01,0.99,0.99,0.0,,0.0,0.4191492205152027,0.4192004299858155,,0.5156249999999999,0.43327349972885715,0.5659351784196227,0.6910833067528199,0.9886574152996755,0.9655172413793103,0.03448275862068966,1.0,0.4722222222222222,0.443268165386402,0.5695628422111336,0.6221643538249189,0.5218731269814495,5
Silicon,2020,,,0.0,0.5086670196810118,,0.5086670196810118,0.69,0.2833049607303745,0.45170547514159853,0.993547318041013,0.14276893729389556,1,0.01,0.99,0.99,0.0,,0.0,0.3942990464959285,0.4340646227302843,,0.5156249999999999,0.43846577814806126,0.5607162855847526,0.7868242701003595,0.9886574152996755,0.9655172413793103,0.03448275862068966,1.0,0.4722222222222222,0.42463053487194635,0.6083718017881534,0.6221643538249189,0.5248775053834045,5
Silicon,2021,,,0.0,0.5086670196810118,,0.5086670196810118,0.69,0.28144475555971915,0.45170547514159853,0.993547318041013,0.11030416681770502,1,0.01,0.99,0.99,0.0,,0.0,0.3942990464959285,0.4340646227302843,,0.5156249999999999,0.435858531572328,0.7705154394289411,0.8021341748631754,0.9886574152996755,0.9655172413793103,0.03448275862068966,1.0,0.4722222222222222,0.42463053487194635,0.6660330158528203,0.6221643538249189,0.5368953358274331,5
Silicon,2022,,,0.0,0.6690600709252492,,0.6690600709252492,0.69,0.374348833110993,0.5203054806828391,0.993547318041013,0.10342246053886964,1,0.01,0.99,0.99,0.0,,0.0,0.6143269109809233,0.6143269109809233,,0.5156249999999999,0.631304588373606,0.8555814727687688,0.8178290702157753,0.9886574152996755,0.9655172413793103,0.03448275862068966,1.0,0.4722222222222222,0.5896514332356925,0.7619836022092644,0.6221643538249189,0.6027651466725162,6
Silicon,2023,,,0.0,0.6690600709252492,,0.6690600709252492,0.69,0.37015733012366814,0.5275831087151841,0.993547318041013,0.10622194781371667,1,0.01,0.99,0.99,0.0,,0.0,0.6143269109809233,0.6143269109809233,,0.5156249999999999,0.6313611663683751,0.6367685365858676,0.8422886254223478,0.9886574152996755,0.9655172413793103,0.03448275862068966,1.0,0.4722222222222222,0.5896514332356925,0.7170839925443373,0.6221643538249189,0.5936824803342297,4
Antimony,2015,10.643564356435643,2.4547536116173125,0.3,0.6148146740315577,,0.6148146740315577,0.85,0.3645319609467059,0.7052333804809053,,0.08236344284535597,2,0.06,0.92,0.94,0.28,0.8302204157477865,0.30303030303030304,0.5380780767720538,0.5765540700790118,,0.765625,0.581890279773761,0.948789673859792,0.5823344637283148,,0.7931034482758619,0.20689655172413793,0.49090909090909085,0.5602372323867655,0.5949648075790404,0.6737928018770902,0.4999999999999999,0.5788818115771746,5
Antimony,2016,10.381231274896356,2.431965619233458,0.3,0.548104351684575,,0.548104351684575,0.85,0.3211328107599334,0.6725063065134618,,0.08980305582329588,2,0.06,0.92,0.94,0.28,0.8800071252575773,0.30303030303030304,0.45526234524333375,0.5110427059740538,,0.765625,0.49610531291411497,0.9487142538314907,0.5514089642879073,,0.7931034482758619,0.20689655172413793,0.49090909090909085,0.5795987305294619,0.5328530089325003,0.6313790086929758,0.4999999999999999,0.558790157455389,5
Antimony,2017,10.985808782819012,2.483723348531381,0.3,0.5323224433275295,,0.5323224433275295,0.85,0.29672669957128944,0.6689629046828104,,0.09510367811228157,2,0.06,0.92,0.94,0.28,0.9088474887343813,0.30303030303030304,0.4457050565598312,0.48902167557878595,,0.765625,0.47491635438864527,0.9115957177845616,0.5610126494280938,,0.7931034482758619,0.20689655172413793,0.49090909090909085,0.5908144274371079,0.5256850424198733,0.6185247132534037,0.4999999999999999,0.5567060528529236,5
Antimony,2018,10.413767353450325,2.4348202893459274,0.3,0.42339357051898124,,0.42339357051898124,0.85,0.23876936271739366,0.5037982417433217,,0.09726114314359095,2,0.06,0.92,0.94,0.28,0.8471639574165739,0.30303030303030304,0.31692845769041905,0.3198841638689717,,0.765625,0.34569967519153366,0.6368930822394454,0.6636509852929765,,0.7931034482758619,0.20689655172413793,0.49090909090909085,0.5668263874801828,0.4291025932678143,0.5456785509940887,0.4999999999999999,0.5075508058421018,6
Antimony,2019,11.55156242286617,2.529845153674738,0.3,0.36784615042985336,,0.36784615042985336,0.85,0.2077155910763842,0.48605420348521494,,0.08387502577897692,2,0.06,0.92,0.94,0.28,0.8340289365128846,0.30303030303030304,0.2515174285518493,0.2515834169220134,,0.765625,0.284081724084625,0.6147627822082935,0.5528612756137633,,0.7931034482758619,0.20689655172413793,0.49090909090909085,0.5617183237954148,0.38004432141388694,0.47426380922719746,0.4999999999999999,0.47433558516700414,10
Antimony,2020,17.810854505550086,2.9344340705400165,0.3,0.37070805383782746,,0.37070805383782746,0.85,0.2111358443241752,0.5576098050018515,,0.12453881202970282,2,0.06,0.92,0.94,0.28,0.7286260223420349,0.30303030303030304,0.21385062413486583,0.2654630291619714,,0.765625,0.28229108191848234,0.6921786780828038,0.6704532017914355,,0.7931034482758619,0.20689655172413793,0.49090909090909085,0.5207283016178621,0.35179421810114936,0.5400278289087439,0.4999999999999999,0.4715975129897224,9
Antimony,2021,17.810854505550086,2.9344340705400165,0.3,0.37070805383782746,,0.37070805383782746,0.85,0.21011892203555635,0.5576098050018515,,0.10173493593872777,2,0.06,0.92,0.94,0.28,0.7286260223420349,0.30303030303030304,0.21385062413486583,0.2654630291619714,,0.765625,0.27972202104323307,0.9511661637402204,0.727996003451986,,0.7931034482758619,0.20689655172413793,0.49090909090909085,0.5207283016178621,0.35179421810114936,0.626892649680981,0.4999999999999999,0.4895147308158737,8
Antimony,2022,18.582911636935894,2.97465733069125,0.3,0.3889745410297637,,0.3889745410297637,0.85,0.22294582560800916,0.6050490487094676,,0.09847118900388271,2,0.06,0.92,0.94,0.28,0.8680235874579302,0.30303030303030304,0.25745059200194265,0.25745059200194265,,0.765625,0.3030869583854045,0.9949323530338565,0.7731981355465107,,0.7931034482758619,0.20689655172413793,0.49090909090909085,0.5749384658295991,0.384494194001457,0.6640927779119601,0.4999999999999999,0.5205080833648476,10
Antimony,2023,21.249729077733488,3.1023298322564767,0.3,0.3889745410297637,,0.3889745410297637,0.85,0.22066585446550657,0.6301152479763285,,0.09274088221132251,2,0.06,0.92,0.94,0.28,0.4691477467508668,0.30303030303030304,0.25745059200194265,0.25745059200194265,,0.765625,0.3035369937472374,0.7605201108721166,0.7241049775282106,,0.7931034482758619,0.20689655172413793,0.49090909090909085,0.41982008333240783,0.384494194001457,0.5860099665408465,0.4999999999999999,0.46634465217355864,10
Aluminium,2015,88.18100792330743,4.490668101258219,0.0,0.1748476316903725,0.30115,0.30115,0.59,0.07058775480482696,0.3889087731856749,,0.04924866441400978,3,0.14,0.82,0.86,0.32,0.44470485868460563,0.0,0.13214963606265828,0.0545986594597475,0.0,0.35937499999999994,0.0,0.5232205937563941,0.2671505352388758,,0.5172413793103449,0.48275862068965525,0.4181818181818182,0.2891023945389628,0.18895597704699368,0.23766536253464882,0.5,0.2838487949478826,20
Aluminium,2016,99.8462749803157,4.613597327479248,0.0,0.19468142480238285,0.30835,0.30835,0.59,0.07790612338455984,0.3804656743279217,,0.05713390594653369,3,0.14,0.82,0.86,0.32,0.4452852783278548,0.0,0.1469753437485469,0.10313025045273322,0.0,0.35937499999999994,0.0,0.5367283619983182,0.28548049734419295,,0.5172413793103449,0.48275862068965525,0.4181818181818182,0.2893281132891153,0.20007525781141017,0.24837428943725673,0.5,0.29118242968091773,20
Aluminium,2017,87.90173430575426,4.487531650830744,0.0,0.20559823040361563,0.3284,0.3284,0.59,0.08578348180859902,0.3824964232124786,,0.05616800132544695,3,0.14,0.82,0.86,0.32,0.4813623098099826,0.0,0.18847448867606445,0.10909443619558508,0.0,0.35937499999999994,0.016444358813303545,0.5212278573708582,0.26336782181912566,,0.5172413793103449,0.48275862068965525,0.4181818181818182,0.3033580699766094,0.23119961650704834,0.24140961865502109,0.5,0.3033310085349534,20
Aluminium,2018,81.9984498126857,4.418821930666588,0.0,0.19412474593888124,0.34185,0.34185,0.59,0.0857321130505411,0.43258622916935796,,0.05955929136739439,3,0.14,0.82,0.86,0.32,0.4359512789924468,0.0,0.215351285309009,0.03552443294125969,0.0,0.35937499999999994,0.014176398022115677,0.5468680793260503,0.3376056769123201,,0.5172413793103449,0.48275862068965525,0.4181818181818182,0.28569822465867883,0.25135721398175676,0.2767210299041811,0.5,0.31572048868694097,19
Aluminium,2019,71.8132854578097,4.287898431105231,0.0,0.1892276674186535,0.3270499999999999,0.3270499999999999,0.59,0.0780084203198817,0.4178780332426015,,0.05621186645528079,3,0.14,0.82,0.86,0.32,0.4421268365987322,0.0,0.20095406776368038,0.030220507496592646,0.0,0.35937499999999994,0.0,0.5285333621186672,0.3244770850370663,,0.5172413793103449,0.48275862068965525,0.4181818181818182,0.28809983039445647,0.24055930082276028,0.26192417454449335,0.5,0.30865810528681353,19
Aluminium,2020,70.72485090507843,4.27283728316298,0.0,0.19844687239566003,0.33285,0.33285,0.59,0.09274859447788474,0.408076084386412,,0.07605791491124363,3,0.14,0.82,0.86,0.32,0.4332597175059453,0.0,0.16433281246569667,0.05494021519623771,0.0,0.35937499999999994,0.026099878493806947,0.5065577436301635,0.3609778850566904,,0.5172413793103449,0.48275862068965525,0.4181818181818182,0.2846515063028171,0.21309335934927248,0.28016554740304944,0.5,0.3036106724225751,18
Aluminium,2021,70.72485090507843,4.27283728316298,0.0,0.19844687239566003,0.33945,0.33945,0.59,0.09222309065319054,0.408076084386412,,0.05985758184588709,3,0.14,0.82,0.86,0.32,0.4332597175059453,0.0,0.17296552133172832,0.05494021519623771,0.0,0.35937499999999994,0.021641003150421383,0.6960927878566718,0.3656868884532488,,0.5172413793103449,0.48275862068965525,0.4181818181818182,0.2846515063028171,0.21956789099879626,0.32787230344811497,0.5,0.3181553738994,18
Aluminium,2022,60622.9844884429,11.012445877393393,0.0,0.18692082760582088,,0.18692082760582088,0.59,0.09594968661416901,0.39624732015781794,,0.04392368038403779,3,0.14,0.82,0.86,0.32,0.03268948243331116,0.0,0.0,0.0,,0.35937499999999994,0.027779535860201633,0.6515823460409793,0.2815049863462274,,0.5172413793103449,0.48275862068965525,0.4181818181818182,0.1288741926634594,0.08984374999999999,0.28522041859980635,0.5,0.20158170370679848,20
Aluminium,2023,53.72970976633578,4.002406702133101,0.0,0.18692082760582088,,0.18692082760582088,0.59,0.0960159057816064,0.42327093880051164,,0.04048840954151428,3,0.14,0.82,0.86,0.32,0.31215374984906963,0.0,0.0,0.0,,0.35937499999999994,0.030188522774833124,0.5108685472051979,0.2660263646246482,,0.5172413793103449,0.48275862068965525,0.4181818181818182,0.23755474110292102,0.08984374999999999,0.24469366562235034,0.5,0.22605341696798392,20
Beryllium,2015,,,0.0,0.8024574669187146,,0.8024574669187146,,0.22537875290800252,0.043478260869565216,,0.12624544456521739,1,0.01,0.99,0.99,0.0,,0.0,0.7809155801096985,0.7991643149055101,,,0.30642338005206843,0.058493721500102264,1.0,,0.9655172413793103,0.03448275862068966,1.0,0.4722222222222222,0.710686685082274,0.5218716133932495,0.49999999999999994,0.5439883131806262,6
Beryllium,2016,,,0.0,0.5353616601982747,,0.5353616601982747,,0.17132770338876713,0.14080717488789238,,0.14491219080038048,1,0.01,0.99,0.99,0.0,,0.0,0.43887721554002407,0.49633539023768664,,,0.1905503984001176,0.1986386931454196,1.0,,0.9655172413793103,0.03448275862068966,1.0,0.4722222222222222,0.45415791165501807,0.516352312726396,0.49999999999999994,0.4850844566372965,10
Beryllium,2017,,,0.0,0.5472530351995807,,0.5472530351995807,,0.18050770153361284,0.1336448598130841,,0.1525287297507788,1,0.01,0.99,0.99,0.0,,0.0,0.46453870999894725,0.5063835310150301,,,0.22232157310469106,0.18211784398910938,1.0,,0.9655172413793103,0.03448275862068966,1.0,0.4722222222222222,0.4734040324992104,0.5233420115839192,0.49999999999999994,0.4917943039150974,8
Beryllium,2018,,,0.0,0.5054615658182188,,0.5054615658182188,,0.16526133583554908,0.11440329218106995,,0.1361544514403292,1,0.01,0.99,0.99,0.0,,0.0,0.4191588953871218,0.42167224213826426,,,0.1864598690451404,0.14462667659063413,1.0,,0.9655172413793103,0.03448275862068966,1.0,0.4722222222222222,0.4393691715403414,0.5014176233134577,0.49999999999999994,0.47756929908501256,9
Beryllium,2019,,,0.0,0.48788114474373423,,0.48788114474373423,,0.17949571876742698,0.1258964143426295,,0.13803494701195218,1,0.01,0.99,0.99,0.0,,0.0,0.4002906010386622,0.40034347313925506,,,0.22227519533051107,0.15923415412593442,1.0,,0.9655172413793103,0.03448275862068966,1.0,0.4722222222222222,0.42521795077899666,0.5176048568971625,0.49999999999999994,0.47745405868772417,9
Beryllium,2020,,,0.0,0.5110236345454834,,0.5110236345454834,,0.19869838250609775,0.1258964143426295,,0.16516600889774233,1,0.01,0.99,0.99,0.0,,0.0,0.39738146619810216,0.43694467491934114,,,0.25537628902601484,0.15627919895482623,0.9297948263504855,,0.9655172413793103,0.03448275862068966,1.0,0.4722222222222222,0.42303609964857664,0.5003694314380059,0.49999999999999994,0.4728203455505646,8
Beryllium,2021,,,0.0,0.5110236345454834,,0.5110236345454834,,0.1917759999619053,0.1258964143426295,,0.13313715464807435,1,0.01,0.99,0.99,0.0,,0.0,0.39738146619810216,0.43694467491934114,,,0.23956826883342877,0.2147530556040537,0.9996776871695635,,0.9655172413793103,0.03448275862068966,1.0,0.4722222222222222,0.42303609964857664,0.537408232860539,0.49999999999999994,0.4813373275854949,9
Beryllium,2022,,,0.0,0.39605207100591716,,0.39605207100591716,,0.15255745413484814,0.14461538461538465,,0.09882678302564105,1,0.01,0.99,0.99,0.0,,0.0,0.2664685617852997,0.2664685617852997,,,0.15049616877909677,0.2378030759773499,0.776403472487079,,0.9655172413793103,0.03448275862068966,1.0,0.4722222222222222,0.32485142133897477,0.42268581706185293,0.49999999999999994,0.4243309581280936,13
Beryllium,2023,,,0.0,0.39605207100591716,,0.39605207100591716,,0.15568349567204734,0.14461538461538465,,0.10450486337435896,1,0.01,0.99,0.99,0.0,,0.0,0.2664685617852997,0.2664685617852997,,,0.16103530318162784,0.17454411505629497,0.82723556442771,,0.9655172413793103,0.03448275862068966,1.0,0.4722222222222222,0.32485142133897477,0.4308926106487275,0.49999999999999994,0.42637581315819834,11
Zirconium,2015,47.60961810466761,3.883821414714378,0.1,0.25523608129655156,,0.25523608129655156,,0.08271761569841427,0.1958981612446959,1.0,0.04530781377887789,1,0.03,0.96,0.97,0.12,0.559615794092388,0.10101010101010102,0.07273024022634673,0.14996758982317404,,,0.0240122036818766,0.26355268718327546,0.22964182029016827,1.0,0.8965517241379309,0.10344827586206896,0.7818181818181819,0.4684701152110129,0.17954768016976005,0.166149171200543,0.6249999999999999,0.3057102298428411,19
Zirconium,2016,55.03685503685504,4.026009599923555,0.1,0.25008233607742203,,0.25008233607742203,,0.08662956631543763,0.23996723996723995,1.0,0.046139590881790885,1,0.03,0.96,0.97,0.12,0.5623706787603787,0.10101010101010102,0.07205214311179604,0.16707268326454955,,,0.0177930572981595,0.33852521352521353,0.19598623865388984,1.0,0.8965517241379309,0.10344827586206896,0.7818181818181819,0.4695414592485648,0.17903910733384704,0.16925336889721515,0.6249999999999999,0.30708584416509693,19
Zirconium,2017,44.19263456090651,3.810934121367701,0.1,0.22540005136065616,,0.22540005136065616,,0.07821742325845914,0.2237960339943343,1.0,0.052287057896600576,1,0.03,0.96,0.97,0.12,0.6257051671633624,0.10101010101010102,0.058548940275573856,0.1321207405629348,,,0.0,0.30496684467599233,0.23369984547539027,1.0,0.8965517241379309,0.10344827586206896,0.7818181818181819,0.49417153807194736,0.1689117052066804,0.16972164935915418,0.6249999999999999,0.3067529047636842,19
Zirconium,2018,39.342004590665645,3.6973932236728393,0.1,0.2775502868726984,,0.2775502868726984,,0.08694688698774788,0.14154552410099464,1.0,0.06208427360367254,1,0.03,0.96,0.97,0.12,0.5854776829612865,0.10101010101010102,0.1352544364362117,0.1389962608964424,,,0.01680795234996387,0.1789394198954153,0.35944170281285054,1.0,0.8965517241379309,0.10344827586206896,0.7818181818181819,0.4785275164378067,0.22644082732715878,0.1943943194214814,0.6249999999999999,0.33873206443486276,17
Zirconium,2019,40.17966360856269,3.7179445327601273,0.1,0.23591705711266353,,0.23591705711266353,,0.08299054104532369,0.13723241590214066,1.0,0.05562822409531091,1,0.03,0.96,0.97,0.12,0.5691799427151563,0.10101010101010102,0.08800253134793114,0.08808293566039732,,,0.01091172860395114,0.1735719621479046,0.319658593902042,1.0,0.8965517241379309,0.10344827586206896,0.7818181818181819,0.4721895063420894,0.19100189851094834,0.17507553310917584,0.6249999999999999,0.3151845150544535,18
Zirconium,2020,52.78526504941599,3.984999545814859,0.1,0.22565708376622276,,0.22565708376622276,,0.08068770872185749,0.16082659478885894,1.0,0.06600472091943696,1,0.03,0.96,0.97,0.12,0.4967813588701202,0.10101010101010102,0.024125958170679182,0.0881941974247088,,,0.0,0.19963913615389434,0.29680383755075834,1.0,0.8965517241379309,0.10344827586206896,0.7818181818181819,0.44403450151346424,0.1430944686280094,0.16863131905877693,0.6249999999999999,0.28606482150581347,20
Zirconium,2021,52.78526504941599,3.984999545814859,0.1,0.22565708376622276,,0.22565708376622276,,0.08233710957949922,0.16082659478885894,1.0,0.04945746194968553,1,0.03,0.96,0.97,0.12,0.4967813588701202,0.10101010101010102,0.024125958170679182,0.0881941974247088,,,0.0,0.27433666664490225,0.27570846653289816,1.0,0.8965517241379309,0.10344827586206896,0.7818181818181819,0.44403450151346424,0.1430944686280094,0.17886755327438483,0.6249999999999999,0.2903105285867196,20
Zirconium,2022,52.78526504941599,3.984999545814859,0.1,0.22565708376622276,,0.22565708376622276,,0.08313530709280477,0.12632524707996406,1.0,0.041078197813716674,1,0.03,0.96,0.97,0.12,0.763022901618148,0.10101010101010102,0.049356539463890035,0.049356539463890035,,,0.0,0.20772708525520447,0.25585570700431637,1.0,0.8965517241379309,0.10344827586206896,0.7818181818181819,0.5475728792488084,0.16201740459791752,0.15427405411552766,0.6249999999999999,0.3041194018111203,17
Zirconium,2023,52.78526504941599,3.984999545814859,0.1,0.22565708376622276,,0.22565708376622276,,0.082249603005742,0.12632524707996406,1.0,0.03685881898772088,1,0.03,0.96,0.97,0.12,0.31518995612939515,0.10101010101010102,0.049356539463890035,0.049356539463890035,,,0.0,0.152468760633469,0.23420705117710994,1.0,0.8965517241379309,0.10344827586206896,0.7818181818181819,0.37341562266984896,0.16201740459791752,0.13180001062921123,0.6249999999999999,0.2656974609721501,19
